cell_name,cohort,dqdv_peak_v_c5_dis,dqdv_peak_v_shift_c1c5_dis,dqdv_charge_discharge_hysteresis_c5,dqdv_cosine_sim_c1c5_dis
0MC2-251022-001,0MC,3.629599999999875,-0.008699999999999264,0.09250000000008729,0.9995928482034452
0MC2-251022-002,0MC,3.634399999999875,-0.014599999999998392,0.06980000000008646,0.9996204353903282
0MC2-251022-003,0MC,3.5958899999998795,0.0020199999999999108,0.2304800000000986,0.9997550506547804
0MC2-251022-004,0MC,3.6017999999998787,0.0071099999999990615,0.2242800000000975,0.999771120192513
0MC2-251028-002,0MC,3.6203999999998766,0.009299999999999198,0.20440000000009606,0.9995619282850267
0MC2-251029-001,0MC,3.579919999999881,0.02598999999999707,0.2582700000000968,0.9997802787381666
0MC2-251029-002,0MC,3.5877399999998802,0.000010000000000065512,0.24986000000009678,0.9997303923396854
0MC2-251029-003,0MC,3.58980999999988,-0.0031199999999995676,0.23910000000009646,0.999469244488899
0MC2-251107-006,0MC,3.577899999999881,-0.0029999999999996696,0.25870000000009696,0.9997116933817024
0MC2-251107-010,0MC,3.606699999999878,0.004799999999999471,0.22250000000009207,0.9995938265058228
0MC2-251111-003,0MC,3.607199999999878,0.013899999999998691,0.22170000000009615,0.9995182823532207
0MC2-251111-006,0MC,3.6201999999998766,0.0,0.18890000000010154,0.9987141909531443
0MC2-251111-008,0MC,3.573199999999882,-0.01639999999999775,0.25830000000010056,0.9995531103008642
0MC2-251112-010,0MC,3.577499999999881,-0.018699999999998163,0.2427000000000996,0.9982572288536082
0MC2-251118-003,0MC,3.59174999999988,-0.01216999999999846,0.17493000000010595,0.9988319197569847
0MC2-251118-004,0MC,3.5928999999998794,-0.006999999999999229,0.2265000000001023,0.9989970094089162
0MC2-251118-005,0MC,3.595399999999879,-0.011899999999998911,0.2192000000001033,0.9985213961845818
0MC2-251120-007,0MC,3.600739999999879,-0.0021799999999996267,0.164500000000106,0.9984722069019866
0MC2-251125-005,0MC,3.578699999999881,-0.043799999999995176,0.24840000000009965,0.998312383829591
0MC2-251125-009,0MC,3.606899999999878,-0.006599999999999273,0.21130000000010218,0.9981211628709633
0MC2-251125-012,0MC,3.597799999999879,-0.010109999999998731,0.22445000000009818,0.9986162541038369
0MC2-251202-007,0MC,3.6597999999998723,0.011299999999998978,0.16100000000010928,0.9978334243738821
0MC2-251202-010,0MC,3.5688699999998823,-0.04496999999999485,0.2561400000000966,0.9981971193861403
0MC2-251205-010,0MC,3.597709999999879,-0.00005999999999994898,0.23764000000009533,0.9990878420211793
0MC2-251216-014,0MC,3.59288999999988,-0.009019999999998696,0.23422000000009646,0.9996296215804814
0MC2-251216-019,0MC,3.5878799999998803,-0.020009999999997863,0.23651000000009814,0.9993314368895413
0MC2-251216-020,0MC,3.6067599999998783,-0.004109999999999392,0.2279600000000972,0.9994453336213339
0MC2-251216-023,0MC,3.5878199999998803,-0.02610999999999697,0.24944000000009536,0.9904694674177106
0MC2-251222-001,0MC,3.6097199999998777,0.0019799999999996487,0.22058000000009503,0.9994735794160434
0MC2-251222-002,0MC,3.59071999999988,-0.0072499999999990905,0.243570000000092,0.9989214845831168
0MC2-251222-004,0MC,3.6028399999998784,0.003109999999999502,0.22916000000008907,0.9993752515837409
0MC2-251222-005,0MC,3.5866599999998803,0.006799999999999251,0.25264000000008924,0.998822217431404
0MC2-251222-006,0MC,3.58885999999988,0.005969999999999143,0.24721000000009274,0.9994060969593895
0MC2-260120-014,0MC,3.6096999999998776,-0.0021999999999997577,0.20480000000010357,0.9992628505713913
0MC2-260312-026,0MC,3.58999999999988,-0.022689999999997656,0.26995000000010627,0.9985550757915301
0MC20-250703-R002,0MC,3.645999999999874,0.0,0.29150000000009024,0.9824806818081009
0MC20-251121-R001,0MC,3.5767999999998814,-0.05409999999999382,0.3680000000000856,0.9964810240895378
0MC20-251126-R001,0MC,3.627599999999876,0.063599999999993,0.43370000000007725,0.9927865926884923
0MC20-251126-R002,0MC,3.581599999999881,-0.027999999999996916,0.4352000000000764,0.9950447786724015
0MC20-251126-R003,0MC,3.580999999999881,-0.06099999999999328,0.4278000000000737,0.9927032905617842
0MC20-251204-R001,0MC,3.6759999999998705,0.06299999999999306,0.16420000000010893,0.9988676376292966
0MC20-251209-R001,0MC,3.5679999999998824,-0.012999999999998568,0.2721000000000937,0.9992552565083762
0MC20-251216-R002,0MC,3.5589999999998834,-0.023999999999997357,0.2569000000000905,0.9990290946309773
0MC20-251216-R003,0MC,3.5828999999998805,-0.012899999999998801,0.24340000000009976,0.9987044163669231
0MC20-260128-R001,0MC,3.6007999999998788,-0.03209999999999624,0.15200000000010716,0.9986142052833091
0MC20-260129-R001,0MC,3.621899999999876,-0.0026999999999999247,0.12430000000010999,0.9990580847799447
0MC20-260203-R001,0MC,3.607699999999878,-0.018999999999997907,0.1464000000001069,0.998398343153305
0MC40-260115-R001,0MC,3.642999999999874,0.014999999999998348,0.14670000000010575,0.9989459958142465
0MC40-260206-R001,0MC,3.505999999999889,-0.00869999999999882,0.1856000000000857,0.9994299552043114
0MC40-260216-R001,0MC,NaN,NaN,NaN,NaN
0MC40-260225-R001,0MC,3.6268999999998757,-0.010999999999998789,0.18120000000008973,0.9990203011113695
0MC40-260226-R001,0MC,3.641899999999874,0.014999999999998348,0.17950000000008792,0.9991020993209501
0MC6-260107-R002,0MC,3.5959999999998793,-0.014999999999998348,0.22750000000009774,0.9951424382363511
0MC6-260107-R003,0MC,3.6026999999998783,-0.007199999999999207,0.2722000000000908,0.992885139112082
0MC6-260107-R004,0MC,3.6268999999998757,-0.0029999999999996696,0.20870000000008426,0.9992136125994329
0MC6-260107-R005,0MC,3.626999999999876,0.06199999999999317,0.20800000000009566,0.9988572200935261
0MC6-260107-R006,0MC,3.626999999999876,-0.004999999999999449,0.20450000000010116,0.999215123366527
0MC6-260107-R007,0MC,3.5599999999998833,-0.0029999999999996696,0.2801000000000915,0.9990327634705524
0MC6-260107-R008,0MC,3.551999999999884,-0.05199999999999427,0.28580000000009864,0.9960132747429298
0MC6-260107-R009,0MC,3.5509999999998842,-0.05199999999999427,0.29170000000009866,0.996656610701973
0MC6-260108-R001,0MC,3.617869999999877,-0.012709999999998445,0.07711000000009527,0.995817830183713
0MC6-260119-R001,0MC,3.615939999999877,-0.01769999999999783,0.07965000000009548,0.9952130691345988
0MC6-260119-R002,0MC,3.599999999999879,-0.009999999999998899,0.2255000000000944,0.9984755917030345
0MC6-260119-R003,0MC,3.607999999999878,-0.02259999999999751,0.21510000000009466,0.9984699543941368
0MC6-260119-R004,0MC,3.607999999999878,-0.022999999999997467,0.1430000000001015,0.9985635036790775
0MC6-260119-R005,0MC,3.626999999999876,-0.007999999999999119,0.20360000000009393,0.9984672424729509
0MC6-260119-R006,0MC,3.615879999999877,-0.02071999999999763,0.08039000000009322,0.9952562339072502
0MC6-260120-R006,0MC,3.6196999999998765,-0.0042999999999997485,0.1969000000000949,0.9989214007565445
0MC6-260121-R001,0MC,3.608599999999878,-0.008999999999999009,0.2290000000000929,0.9985593001986359
0MC6-260121-R002,0MC,3.5919299999998797,-0.026839999999996866,0.24442000000009623,0.9984315614034128
0MC6-260121-R003,0MC,3.608599999999878,-0.009399999999998965,0.1453000000001028,0.9984642132994622
0MC6-260121-R004,0MC,3.5878199999998803,-0.02208999999999728,0.24806000000009565,0.9988185841657399
0MC6-260122-R004,0MC,3.6019999999998786,0.0009999999999998899,0.23450000000009874,0.9984170084500467
0MC6-260122-R005,0MC,3.5849999999998805,-0.014799999999997926,0.24570000000009884,0.9986604356131711
0MC6-260122-R006,0MC,3.598599999999879,-0.016899999999997917,0.23720000000009955,0.9985853866301788
0MC6-260123-R003,0MC,3.6174999999998767,-0.007599999999999163,0.18960000000007993,0.9987299710369175
0MC6-260123-R004,0MC,3.596979999999879,-0.014969999999998596,0.2318000000000966,0.9985442573047566
0MC6-260123-R006,0MC,3.5869299999998803,-0.019989999999997732,0.2009300000001022,0.9982979571126972
0MC6-260123-R007,0MC,3.6187999999998763,-0.0029999999999996696,0.2307000000001036,0.9983446495662276
0MC6-260127-R002,0MC,3.6028399999998784,-0.015919999999998602,0.2290500000000999,0.9981973100921228
0MC6-260127-R003,0MC,3.5918699999998798,-0.013039999999998386,0.2443900000000978,0.998582843713093
0MC6-260127-R005,0MC,3.606659999999878,-0.006149999999999434,0.22293000000009577,0.9991370897470541
0MC6-260209-R001,0MC,3.5857999999998804,-0.025199999999997225,0.23250000000009807,0.9985469354062044
0MC6-260211-R002,0MC,3.608829999999878,-0.008049999999999002,0.2226700000000963,0.9978077546604701
0MC6-260211-R003,0MC,3.6109299999998776,-0.0069299999999992146,0.21635000000009486,0.9987059861372389
0MC6-260211-R005,0MC,3.599859999999879,-0.003009999999999735,0.23515000000009678,0.9984160366167164
0MC6-260212-R004,0MC,3.6047999999998783,-0.01712999999999809,0.2226900000000973,0.9985181895958404
0MC6-260212-R007,0MC,3.623979999999876,0.003269999999999662,0.20263000000009246,0.9987640738014388
0MC6-260212-R009,0MC,3.617989999999877,-0.0017199999999997218,0.20402000000009313,0.9989516973205489
0MC6-260213-R001,0MC,3.604699999999878,-0.0030999999999998806,0.2325000000000954,0.998484891009466
0MC6-260213-R006,0MC,3.6208899999998767,-0.007039999999999047,0.2086000000000947,0.9983787898111437
0MC6-260218-R002,0MC,3.6019999999998786,-0.016899999999997473,0.21250000000008828,0.9958049070161858
0MC6-260218-R003,0MC,3.605499999999878,-0.00879999999999903,0.2309000000000938,0.9983565526276071
0MC6-260218-R004,0MC,3.5942999999998793,-0.01079999999999881,0.2546000000000981,0.9981343808103885
0MC6-260218-R005,0MC,3.6000999999998786,-0.013499999999998735,0.2143000000000872,0.9960826989037329
0MC6-260218-R006,0MC,3.595399999999879,-0.028999999999996806,0.21830000000008676,0.9962087786005812
0MC6-260303-R001,0MC,3.5849999999998805,0.0029999999999996696,0.27360000000007956,0.9988217855507288
0MC6-260303-R001_from_db,0MC,3.5849999999998805,0.0029999999999996696,0.27360000000007956,0.9988217855507288
0MC6-260303-R002,0MC,3.5898999999998797,-0.010899999999999022,0.25270000000008386,0.998714077249711
0MC6-260303-R003,0MC,3.572999999999882,-0.036899999999995714,0.28890000000007854,0.9975546972607728
0MC6-260303-R004,0MC,3.599999999999879,-0.007999999999999119,0.2405000000000963,0.9987105640202876
0MC6-260303-R005,0MC,3.5829999999998807,-0.0217999999999976,0.25390000000009394,0.9985004571826112
0MC6-260303-R006,0MC,3.570999999999882,-0.0217999999999976,0.2770000000000792,0.9988360724639177
0MC6-260305-R001,0MC,3.616999999999877,0.007999999999999119,0.21330000000009752,0.9987325597416756
0MC6-260316-R002,0MC,3.598999999999879,-0.02079999999999771,0.24020000000009434,0.9988966313186033
0MC6-260317-R001,0MC,3.6116299999998773,-0.02214999999999767,0.08762000000009706,0.9923764132270784
0MC6-260317-R005,0MC,3.623999999999876,0.013029999999998765,0.17135000000011136,0.996797962885454
0MC6-260317-R007,0MC,3.5938999999998793,-0.0036999999999998145,0.23720000000009644,0.9994767305935432
0MC6-260317-R008,0MC,3.597199999999879,0.011599999999998722,0.2280000000000979,0.9994899137633716
0MC6-260319-R001,0MC,3.579899999999881,-0.02189999999999781,0.266400000000079,0.9991043380098071
0MC6-260319-R002,0MC,3.5847999999998805,-0.020199999999997775,0.24280000000009183,0.9992051043040218
0MC6-260323-R006,0MC,3.6209999999998765,0.08699999999999042,0.2052000000000942,0.7648128482399177
0MC6-260323-R007,0MC,3.6209999999998765,0.08699999999999042,0.19914000000009757,0.7854951665897951
0MC6-260323-R008,0MC,3.6129999999998774,0.046999999999994824,0.19351000000009888,0.7853063755484158
0MC6-260325-R003,0MC,3.606999999999878,-0.002100000000007096,0.2015600000000819,0.9979295396601245
0MC6-260402-R001,0MC,3.581689999999881,0.008999999999999009,0.20314000000009358,0.9993088066173953
0MC6-260402-R002,0MC,3.5908999999998796,0.009999999999998899,0.20450000000008872,0.9997307460120995
0MC6-260402-R003,0MC,3.6129999999998774,0.008399999999999075,0.16860000000009423,0.999679836066595
0MC6-260402-R004,0MC,3.6109999999998776,0.0,0.17770000000009345,0.9993376498889575
0MC6-260402-R005,0MC,3.5859999999998804,0.00509999999999966,0.20520000000008576,0.9994672342106771
0MC6-260402-R006,0MC,3.616999999999877,0.0,0.17550000000009058,0.9996300945480842
0MC6-260402-R007,0MC,3.536799999999886,-0.011999999999998678,0.2685000000000808,0.9992583271612072
0MC6-260402-R008,0MC,3.573689999999882,-0.00030999999999981043,0.23581000000009178,0.9984280633387337
0MC6-260402-R009,0MC,3.6229999999998763,0.008999999999999009,0.17450000000009336,0.9996990372528395
0MC6-260402-R010,0MC,3.608599999999878,0.016599999999998172,0.18770000000008924,0.9993518734388935
0MC6-260402-R011,0MC,3.6189999999998768,-0.016599999999998172,0.17370000000009167,0.9997158242371483
0MC6-260402-R012,0MC,3.616999999999877,0.0041999999999995374,0.17820000000009095,0.9995136433358651
0MC6-260402-R013,0MC,3.6287999999998752,0.007099999999998996,0.1591000000000995,0.9994811588390067
0MC6-260402-R014,0MC,3.5955999999998793,-0.015399999999998304,0.19800000000009144,0.9995255986210526
0MC6-260402-R015,0MC,3.5936999999998793,0.004799999999999471,0.19760000000008837,0.9997281844008636
0MC6-260403-R001,0MC,3.562799999999883,-0.005999999999999339,0.23020000000009144,0.9983039794705397
0MC6-260403-R002,0MC,3.6199999999998766,0.009399999999998965,0.1720000000000943,0.9991078815869914
0MC6-260403-R003,0MC,3.58799999999988,-0.0009999999999998899,0.21186000000009653,0.9989962676809215
0MC6-260430-R001,0MC,3.633859999999875,0.0010200000000000209,0.1523200000000986,0.9994900944141364
0MC6-260430-R002,0MC,3.6228599999998763,0.00027999999994055,0.12245000000010231,0.9991107870857638
0MC6-260430-R003,0MC,3.6476899999998738,0.012989999999998947,0.020640000000089476,0.9963358981500319
0MC6-260430-R004,0MC,3.658299999999872,0.021369999999997447,0.009000000000090491,0.9957961835676843
0MC6-260430-R005,0MC,3.6216299999998762,-0.01619999999999866,0.16716000000009368,0.9945475738847654
0MC6-260430-R006,0MC,3.624999999999876,0.0,0.12100000000010391,0.9990216887185319
0MC6-260513-R001,0MC,3.631399999999875,-0.007199999999999651,0.1431000000000977,0.9996496408846213
0MC6-260513-R002,0MC,3.6258999999998758,-0.01079999999999881,0.15510000000009683,0.9996513026606759
0MC6-260513-R003,0MC,3.6364999999998746,-0.011399999999998744,0.1420000000000905,0.9995885135463475
0MC6-260513-R004,0MC,3.6431999999998737,-4.440892098500626e-16,0.13840000000009312,0.9995818841612947
0MC6-260513-R005,0MC,3.6319999999998753,-0.0029999999999996696,0.152600000000096,0.9995487435277923
0MC6-260513-R006,0MC,3.6374999999998745,-0.004599999999999493,0.1326000000000951,0.9996579397304841
0MC6-260513-R007,0MC,3.6453999999998734,0.00469999999999926,0.13350000000009388,0.9996067788829326
0MC6-260513-R008,0MC,3.6359999999998744,-0.0007999999999999119,0.14020000000009247,0.9996518817813165
0MC6-260513-R009,0MC,3.634599999999875,-0.010399999999998855,0.1388000000000953,0.9996128567833062
0MC6-260514-R002,0MC,3.6385999999998746,-0.014399999999998414,0.14590000000008807,0.9996446419396019
0MC6-260514-R003,0MC,3.652999999999873,0.0,0.12430000000009223,0.9996727460675725
0MC6-260514-R004,0MC,3.6409999999998743,-0.007999999999999119,0.13190000000009272,0.9996179762761627
0MC6-260514-R005,0MC,3.6405999999998744,0.0,0.1366000000000902,0.9996838973444356
0MC6-260514-R006,0MC,3.652599999999873,0.008599999999999053,0.13080000000008685,0.9996724178448527
0MC8-251113-R001,0MC,3.6027999999998785,-0.0006999999999997009,0.22300000000009979,0.9996479403449484
0MC8-251113-R002,0MC,3.5915999999998798,-0.010799999999998366,0.2344000000001003,0.9995444722983636
0MC8-251209-R002,0MC,3.58669999999988,-0.015699999999998493,0.24190000000009926,0.9995308724101796
0MC8-251216-R001,0MC,3.604299999999878,-0.006399999999999295,0.21690000000009757,0.9996304462304462
AR-2736,AR,3.580999999999881,0.006199999999999317,0.21580000000004063,0.9990270166538292
AR-3420,AR,3.6638999999998716,-0.0019999999999997797,0.12040000000006534,0.9995473505290299
AR-3421,AR,3.6755999999998705,0.0028999999999999027,0.10220000000006424,0.9995778067041285
AR-3422,AR,3.5859999999998804,0.0039999999999995595,0.2173000000000913,0.998955920866715
AR-3423,AR,3.578899999999881,0.009999999999998899,0.21220000000008854,0.9991236095346144
AR3684,AR,3.6007999999998788,0.0039999999999995595,0.23560000000009262,0.9989365571059852
AR3685,AR,3.6358999999998747,-0.005999999999999339,0.17420000000009672,0.9968384175972759
AR3771,AR,3.6380999999998744,-0.0009000000000001229,0.04520000000008695,0.9989579099375707
AR3772,AR,3.623999999999876,0.013199999999998546,0.1921000000000901,0.9986168463322972
AR3773,AR,3.6219999999998764,0.0031999999999996476,0.19440000000009094,0.9986942468281511
AR3774,AR,3.622899999999876,0.0009999999999998899,0.16860000000009556,0.9986147206733966
AR3775,AR,3.650899999999873,-0.006899999999999462,0.028100000000085057,0.9992616727098419
AR3776,AR,3.636799999999875,0.00879999999999903,0.16180000000009542,0.9984203418968671
AR3843,AR,NaN,NaN,NaN,NaN
AR3854,AR,3.5707999999998816,0.008599999999999053,0.2586000000000963,0.9990197544375791
AR3858,AR,3.550899999999883,-0.27179999999997095,0.3759000000000974,0.9959886914960516
AR3864,AR,3.6557999999998727,0.0007999999999999119,0.13060000000005978,0.9997086996245949
AR3865,AR,3.651699999999873,-0.004699999999999704,0.13790000000005964,0.9997260044756953
AR3867,AR,3.6037999999998784,0.010199999999998877,0.21250000000008828,0.9984464396921439
AR3870,AR,3.631299999999875,-0.004999999999999005,0.19130000000006175,0.9958705319969252
AR3871,AR,3.5917999999998798,0.0017999999999998018,0.24660000000008298,0.9975184298614985
AR3872,AR,3.6635999999998714,-0.0038000000000000256,0.12420000000006448,0.999602948402784
AR3873,AR,3.6629999999998715,-0.0009000000000001229,0.12850000000006334,0.999430255314923
AR3875,AR,3.596899999999879,-0.010999999999998789,0.22590000000008814,0.9985526779802062
AR3876,AR,3.670599999999871,-0.005099999999999216,0.10340000000006899,0.9996612961117572
AR3877,AR,3.67769999999987,-0.0017999999999998018,0.09750000000006986,0.999596535217215
AR3879,AR,3.626599999999876,0.006399999999999739,0.1822000000000985,0.9989034243652111
AR3883,AR,3.615999999999877,0.021299999999997876,0.20550000000009883,0.9977442221436467
AR3884,AR,3.5379999999998857,-0.053799999999994075,0.2862000000000897,0.9972402880803927
AR3885,AR,3.597799999999879,0.01889999999999814,0.2283000000000972,0.9973122917281135
AR3886,AR,3.6019999999998786,0.025199999999997225,0.21460000000009805,0.9991253337354378
AR3887,AR,3.5758999999998813,-0.0020999999999999908,0.2571000000000949,0.998965010259025
AR3891,AR,3.615899999999877,0.015999999999998238,0.20700000000009577,0.9989487747182474
AR3908,AR,3.6049999999998783,0.004999999999999449,0.20570000000009703,0.9986314133791525
AR3909,AR,3.6086999999998777,0.008999999999999009,0.20130000000009662,0.9986848303092677
AR3910,AR,3.617999999999877,0.005999999999999339,0.1890000000000991,0.998724200354554
AR3911,AR,3.604699999999878,0.0242999999999971,0.24250000000010052,0.99911016271545
AR3914,AR,3.5372999999998855,0.008299999999998864,0.46230000000007765,0.9985831859260579
AR3915,AR,3.5746999999998814,0.0235999999999974,0.28230000000009525,0.9986993442973869
AR3917,AR,3.581999999999881,0.0042999999999997485,0.26850000000008745,0.9967203768422604
AR3918,AR,3.5847999999998805,0.010299999999999088,0.25410000000008726,0.9973849216366384
AR3919,AR,3.58669999999988,0.0009999999999998899,0.24650000000009387,0.9994094384453613
AR3920,AR,3.5821999999998804,-0.0047999999999999154,0.25170000000009773,0.9993124847562633
AR3921,AR,3.58899999999988,0.02569999999999739,0.2659000000000904,0.9967932479428564
AR3922,AR,3.58459999999988,-0.007999999999999563,0.2652000000000889,0.9970393638358381
AR3923,AR,3.600399999999879,0.010599999999999277,0.2297000000000966,0.9995817981566594
AR3924,AR,3.58569999999988,0.00569999999999915,0.2459000000000966,0.9993425163595373
AR3941,AR,3.5859999999998804,-0.0019999999999997797,0.24930000000009445,0.9983130966676331
AR3942,AR,3.59079999999988,0.013899999999998691,0.24530000000009444,0.9982713542214096
AR3944,AR,3.5767999999998814,0.01789999999999825,0.2608000000000952,0.9968076905301656
AR3949,AR,3.58629999999988,-0.019699999999998052,0.25670000000009896,0.9978106343144186
AR3950,AR,3.58939999999988,-0.016199999999998216,0.2680000000000988,0.9990692475156344
AR3951,AR,3.6008999999998785,-0.022099999999997788,0.2238000000000988,0.9985211198608656
AR3952,AR,3.599799999999879,0.049799999999994515,0.21060000000010204,0.976762742311436
AR3953,AR,3.6107999999998777,0.04389999999999539,0.20640000000010383,0.9834101213600114
AR3961,AR,3.620799999999876,-0.008799999999999475,0.1943000000000925,0.9984232387939478
AR3962,AR,3.600599999999879,-0.016199999999997772,0.21390000000009657,0.9988887033612012
AR3963,AR,3.6151999999998767,0.007899999999998908,0.12770000000010784,0.9987910299935756
AR3964,AR,3.614799999999877,0.007799999999998697,0.21190000000009324,0.9988885686076072
AR3966,AR,3.5865999999998803,0.015799999999998704,0.2564000000000961,0.9988646655170256
AR3967,AR,3.604699999999878,0.0,0.204000000000097,0.9989705732290507
AR3968,AR,3.5918999999998795,0.007799999999999141,0.23790000000009703,0.999204583405363
AR3970,AR,3.6260999999998758,-0.008899999999999242,0.08930000000009874,0.9992184674257791
AR3971,AR,3.6147999999998772,0.0022999999999999687,0.2078000000001019,0.9988419429305916
AR3972,AR,3.6174999999998767,0.011999999999998678,0.20090000000010022,0.9989563414385978
AR3973,AR,3.6718999999998707,0.0025999999999997137,0.11980000000007518,0.9958257359877908
AR3974,AR,3.661399999999872,-0.007399999999999185,0.13680000000007286,0.9952163926397165
AR3975,AR,3.6103999999998773,-0.015099999999998559,0.22810000000008301,0.9974270644481451
AR3976,AR,3.605399999999878,0.0013999999999994017,0.23120000000008378,0.9970573400055291
AR3977,AR,3.6119999999998775,-0.0009999999999998899,0.17720000000010083,0.9982875448923237
AR3978,AR,3.59059999999988,-0.009999999999998899,0.2095000000000975,0.9987453046427555
AR3979,AR,3.6024999999998784,0.0016999999999995907,0.19530000000009995,0.9980001255741763
AR3980,AR,3.5284999999998865,0.00869999999999882,0.29550000000009113,0.9995752041458392
AR3981,AR,3.5109999999998887,0.004999999999999449,0.30840000000008994,0.999381498783542
AR3982,AR,3.5835999999998807,0.02079999999999771,0.20820000000009875,0.9932783729944371
AR3983,AR,3.622699999999876,-0.000300000000000189,0.16680000000010242,0.9989573276037921
AR3985,AR,3.598999999999879,0.0019999999999997797,0.20840000000010006,0.9992889545275954
AR3992,AR,3.5801999999998806,-0.000500000000000167,0.16310000000010794,0.9990694633374926
AR3993,AR,3.5836999999998804,-0.015299999999998537,0.2287000000001007,0.9994878225887078
AR3994,AR,3.5913999999998794,-0.000800000000000356,0.21730000000010152,0.9990778347569219
AR4015,AR,3.6091999999998774,-0.023699999999997168,0.15930000000006306,0.9976527865655457
AR4016,AR,3.6347999999998746,-0.009399999999998965,0.115400000000069,0.9987117000931878
AR4018,AR,3.5920999999998795,-0.011099999999999,0.21630000000009986,0.9979743758595059
AR4019,AR,3.4767999999998924,-0.00019999999999997797,0.3758000000000865,0.9981697727424561
AR4020,AR,3.505899999999889,-0.04489999999999528,0.33540000000008874,0.9989245507621775
AR4021,AR,3.581999999999881,-0.013699999999998269,0.2176000000000955,0.9968962436224413
AR4023,AR,3.385799999999902,-0.055199999999994365,0.46440000000007764,0.9981084419088049
AR4024,AR,3.49869999999989,-0.00879999999999903,0.35190000000009025,0.9993181843371368
AR4035,AR,3.596909999999879,-0.0006099999999999994,0.24249000000009024,0.999273693280957
AR4037,AR,3.58709999999988,0.0016099999999998893,0.2579900000000963,0.9991914002293244
AR4038,AR,3.5731399999998814,-0.008449999999999402,0.2889100000000937,0.9940646075477718
AR4039,AR,3.596589999999879,-0.000030000000000196536,0.24940000000009332,0.9991269225374169
AR4041,AR,3.6119999999998775,0.01319999999999899,0.21930000000009553,0.9985870630305935
AR4042,AR,3.608399999999878,-0.0026999999999994806,0.22040000000009474,0.9987921194497581
AR4053,AR,3.5759999999998815,-0.0017999999999998018,0.25690000000009494,0.9991188994351954
AR4055,AR,3.6261699999998758,0.008899999999999242,0.09705000000010644,0.9982480220380551
AR4056,AR,3.597709999999879,0.0030999999999998806,0.2379800000000949,0.9985430338591496
AR4057,AR,NaN,NaN,NaN,NaN
AR4064,AR,3.6440999999998738,-0.009599999999998943,0.03690000000008675,0.9992515312271575
AR4065,AR,3.6476999999998734,-0.005599999999999383,0.04020000000008572,0.9994212376579295
AR4068,AR,3.6369999999998748,-0.007999999999999119,0.05340000000009093,0.9996700046499203
AR4069,AR,3.6278999999998756,0.0012999999999996348,0.07650000000008728,0.9996488019010146
AR4070,AR,3.5830299999998805,0.0007399999999999629,0.2650000000000974,0.9987336845380588
AR4071,AR,3.58562999999988,-0.004309999999999814,0.24802000000009938,0.9988256721078911
AR4072,AR,3.58773999999988,-0.004029999999999756,0.24066000000009735,0.9990361468944806
AR4078,AR,3.6386999999998744,-0.012099999999998445,0.05140000000008582,0.9993764022593268
AR4080,AR,3.5928199999998798,0.008339999999999126,0.233420000000101,0.9994601375007663
AR4082,AR,3.6029999999998785,0.0041999999999995374,0.24200000000009414,0.9988648655404828
AR4084,AR,3.6118499999998774,-0.0029599999999994075,0.113540000000107,0.9978833255752507
AR4085,AR,3.597499999999879,0.004009999999999625,0.14122000000010582,0.9981965513984541
AR4086,AR,3.6009199999998787,0.003429999999999822,0.1327700000001042,0.9979185323702292
AR4088,AR,3.668399999999871,-0.006399999999999295,0.11870000000008885,0.9969967683023325
AR4095,AR,3.6143999999998773,0.011229999999998963,0.1113900000001058,0.9987494334499216
AR4098,AR,3.5775899999998813,0.005269999999999442,0.2485900000000969,0.9988188353235148
AR4100,AR,3.5926799999998793,0.004629999999999246,0.22205000000010022,0.9990884395360533
AR4101,AR,3.5903999999998795,0.006039999999999157,0.22608000000009998,0.9989496370595852
AR4102,AR,3.5897399999998796,0.0072099999999992725,0.23543000000009995,0.9991812969794832
AR4109,AR,3.581799999999881,-0.009099999999998776,0.2647000000000954,0.9981786347049052
AR4110,AR,3.608999999999878,0.0029999999999996696,0.23120000000009977,0.9985987716118039
AR4111,AR,3.596999999999879,0.009999999999998899,0.2448000000001005,0.9987244120964067
AR4115,AR,3.614499999999877,0.050039999999994755,0.3363900000001032,0.9895782532095052
AR4116,AR,3.525279999999887,0.019019999999998483,0.4652600000000904,0.9895356280583915
AR4121,AR,3.607099999999878,-0.0022199999999998887,0.23189000000009496,0.9983695826406576
AR4122,AR,3.608659999999878,0.007399999999999185,0.2478500000000956,0.9982840583343419
AR4123,AR,3.597089999999879,0.00038999999999989043,0.3020900000000979,0.9982935164942105
AR4127,AR,3.4049999999999003,0.036999999999995925,0.4223000000000767,0.9889220869906766
AR4128,AR,3.3849999999999025,0.029099999999997017,0.462100000000071,0.9913804467921029
AR4130,AR,3.5592099999998834,-9.999999999621423e-6,0.29390000000009175,0.9988325958027102
AR4131,AR,3.605299999999878,0.0004900000000001015,0.21337000000009532,0.9982800889919474
AR4135,AR,3.48659999999989,0.009599999999998055,0.7350000000001682,0.9874915353477448
AR4138,AR,3.521799999999887,-0.0019999999999997797,0.26730000000008447,0.9962039877662319
AR4139,AR,3.5480999999998843,-0.006799999999999251,0.2349000000000867,0.9977124539725779
AR4142,AR,3.5611899999998826,0.002089999999999481,0.3210900000000958,0.9999949965991469
AR4143,AR,3.59000999999988,0.002000000000000224,0.2553800000000961,0.9985952078510725
AR4144,AR,3.5982099999998787,0.0,0.23282000000009573,0.9987191299054394
AR4145,AR,3.5938999999998793,0.006169999999999565,0.2500200000000934,0.9987780852725987
AR4146,AR,3.5757899999998815,0.004449999999999399,0.27241000000009574,0.9990100422956233
AR4147,AR,3.598339999999879,0.0035999999999996035,0.2409200000000955,0.9987762663284159
AR4148,AR,3.5995499999998786,0.00661999999999896,0.24081000000009567,0.9988463017419932
AR4149,AR,3.5788799999998813,-0.02102999999999744,0.5269400000000908,0.9988649670103321
AR4162,AR,3.382199999999903,0.02820999999999696,0.4547000000000736,0.9916635949295067
AR4163,AR,3.427319999999898,0.025729999999997144,0.40159000000007783,0.9946508013896026
AR4164,AR,3.4348099999998967,0.013669999999998517,0.3916200000000787,0.996211666009521
AR4165,AR,3.4179499999998986,0.03019999999999623,0.40541000000007976,0.9920403511584092
AR4166,AR,3.231489999999919,0.0685099999999923,0.6390800000000612,0.961110762858787
AR4167,AR,3.4138099999998994,0.030079999999996776,0.4090900000000759,0.9912017295017713
AR4168,AR,3.6178999999998767,0.008399999999999075,0.1949000000000951,0.9979013261513061
AR4169,AR,3.5575999999998835,0.03189999999999671,0.2860000000000995,0.9941830491146089
AR4170,AR,3.5928999999998794,0.004999999999999449,0.2397000000000955,0.9986886227189046
AR4177,AR,3.58870999999988,0.005989999999999274,0.23324000000009937,0.9985523947260493
AR4179,AR,3.599949999999879,0.0021599999999999397,0.22537000000009977,0.9987810728851266
AR4181,AR,3.5774199999998815,-0.0072299999999989595,0.2637600000000968,0.9988834188547682
AR4184,AR,3.595539999999879,0.006819999999998938,0.25256000000009404,0.9985254492979352
AR4185,AR,3.576899999999881,0.0038999999999993484,0.25900000000009804,0.9989646794033531
AR4187,AR,3.581799999999881,-0.0021999999999997577,0.25710000000009803,0.9989256032764419
AR4188,AR,3.5925999999998797,-0.00019999999999997797,0.24150000000009886,0.9992617083012788
AR4191,AR,3.58689999999988,-0.01889999999999814,0.24330000000009777,0.9988122451128211
AR4193,AR,3.58769999999988,-0.007299999999999418,0.1764000000000947,0.9978051971777813
AR4194,AR,3.6280999999998755,0.0011999999999998678,0.10220000000009977,0.9996717323755256
AR4195,AR,3.6308999999998752,-0.005199999999999427,0.09060000000009572,0.9994723553886022
AR4197,AR,3.631299999999875,-0.00019999999999997797,0.1046000000000995,0.9995864067183671
AR4198,AR,3.6212999999998763,-0.006299999999999528,0.11250000000009619,0.9996096338354072
AR4199,AR,3.628899999999875,0.0011999999999994237,0.1027000000001097,0.9995550292029683
AR4201,AR,3.6288999999998754,0.0035999999999996035,0.12490000000009926,0.9999820616065738
AR4216,AR,3.6001999999998784,-0.00010000000000021103,0.22850000000009274,0.9989243206932439
AR4217,AR,3.598099999999879,-0.0015000000000000568,0.2208000000000956,0.9987873861316358
AR4229,AR,3.577979999999881,-0.0025199999999996336,0.2630000000000976,0.9970010351322711
AR4230,AR,3.5753899999998815,0.008119999999999017,0.2666300000000965,0.9941069162118337
AR4231,AR,3.58907999999988,0.005009999999999959,0.24721000000009896,0.9932287385920173
AR4232,AR,3.6197999999998762,0.0,0.19910000000009953,0.9984451556313336
AR4233,AR,3.630799999999875,0.024999999999997247,0.17840000000009937,0.9981032422748092
AR4234,AR,NaN,NaN,NaN,NaN
AR4239,AR,3.4070799999998997,0.12940999999998537,0.5664000000000722,0.9793686709809559
AR4240,AR,3.4939599999998903,0.05486999999999398,0.3427600000000903,0.9884901811209619
AR4242,AR,3.4381499999998963,0.12635999999998582,0.4092800000000847,0.9773285725979476
AR4244,AR,3.5469899999998846,0.03331999999999624,0.293060000000096,0.996776353696911
AR4246,AR,3.5018199999998894,0.12267999999998613,0.34043000000009016,0.9815807684513282
AR4255,AR,3.6025399999998786,0.0015899999999997583,0.22854000000009167,0.9988788569063499
AR4256,AR,3.6201099999998765,0.009979999999998768,0.20062000000010105,0.9989994335903024
AR4259,AR,3.580999999999881,-0.0038999999999993484,0.27050000000009433,0.9980213544821549
AR4261,AR,3.4945999999998905,0.072599999999992,0.351300000000089,0.989001766728148
AR4262,AR,3.451999999999895,0.09699999999998932,0.39730000000008525,0.9795009764937467
AR4263,AR,3.624999999999876,0.015999999999998238,0.3403000000000995,0.9951101923633342
AR4264,AR,3.634799999999875,-0.05709999999999349,0.34730000000010186,0.9765877175981484
AR4265,AR,4.031999999999831,0.0009999999999994458,0.04020000000014168,0.9898499411451597
AR4267,AR,3.5987999999998785,-0.0009999999999998899,0.21370000000010192,0.9990717995631524
AR4268,AR,3.58569999999988,0.009099999999998776,0.23380000000009993,0.9991959355179202
AR4269,AR,3.5239999999998872,-0.06799999999999251,0.3003000000000897,0.9544374878943249
AR4270,AR,3.5908999999998796,-0.0028999999999999027,0.23030000000009698,0.9985985721905224
AR4271,AR,3.604699999999878,0.005999999999999339,0.2056000000000977,0.997879112832221
AR4272,AR,3.5919999999998797,0.000500000000000167,0.23370000000010105,0.99855044702072
AR4273,AR,3.599999999999879,-0.020699999999997498,0.38370000000010096,0.9982302087852271
AR4275,AR,3.58879999999988,-0.014199999999998436,0.24400000000009747,0.9984569327371989
AR4276,AR,3.605099999999878,0.004999999999999449,0.23230000000009854,0.9987851951984051
AR4277,AR,3.5978899999998792,-0.010019999999998586,0.22988000000009867,0.9985556163442184
AR4278,AR,3.6179599999998766,-0.004389999999999894,0.19116000000010036,0.9978592409295032
AR4282,AR,3.59146999999988,0.022949999999997583,0.2284000000000952,0.9958315335439036
AR4284,AR,3.615899999999877,0.010199999999998877,0.2039000000000959,0.9986156320296002
AR4289,AR,3.634899999999875,-0.0009000000000001229,0.17280000000009776,0.9988228580560298
AR4292,AR,3.5624999999998828,0.0014999999999996128,0.2482000000000837,0.9988130393491265
AR4293,AR,3.5319999999998863,0.0029999999999996696,0.30720000000007675,0.9990272249207879
AR4304,AR,3.5634499999998823,-0.003769999999999829,0.2586600000000847,0.9973266996708502
AR4305,AR,3.570289999999882,0.003829999999999778,0.24345000000008632,0.9973015709691252
AR4306,AR,3.5517299999998837,-0.007319999999999105,0.27143000000008577,0.996382652939135
AR4307,AR,3.604699999999878,-0.01789999999999825,0.23260000000009873,0.9985967881814549
AR4309,AR,3.58849999999988,0.023099999999997234,0.26690000000010183,0.9987333757716005
AR4310,AR,3.600599999999879,-0.006399999999999295,0.22530000000010064,0.9992186980131631
AR4311,AR,3.6168999999998763,-0.00879999999999903,0.21030000000010762,0.9997429865726652
AR4313,AR,3.663599999999872,0.001100000000000101,0.0007000000000663142,0.9998025346858679
AR4315,AR,3.6090899999998776,-0.014239999999998698,0.12636000000011238,0.9992178802111766
AR4317,AR,3.6153399999998768,0.002189999999999692,0.21501000000010295,0.999529330947054
AR4318,AR,3.6015899999998786,-0.014579999999998261,0.22357000000010174,0.9995846387435148
AR4319,AR,3.5735899999998817,-0.009899999999999132,0.2767200000000991,0.9995781816805319
AR4343,AR,3.6289999999998757,0.0009999999999998899,0.19350000000009882,0.9987862491935809
AR4344,AR,3.6127999999998774,0.0029999999999996696,0.20790000000009723,0.9979934563755036
AR4345,AR,3.626799999999876,0.011999999999998678,0.18850000000009715,0.9983764604175455
AR4352,AR,3.597709999999879,0.020279999999997855,0.22234000000009546,0.9967878996454868
AR4353,AR,3.6091999999998774,0.01631999999999767,0.20578000000009622,0.9968187522671211
AR4354,AR,3.576799999999881,0.0369499999999956,0.244470000000097,0.992807670061836
AR4355,AR,3.5933799999998794,0.01555999999999802,0.2138300000000979,0.9964157524318874
AR4356,AR,3.526949999999887,0.13146999999998554,0.30095000000009264,0.9517554503685965
AR4357,AR,3.549289999999884,0.11413999999998747,0.2924000000000957,0.9588429642099169
AR4359,AR,3.6295999999998756,0.005899999999999572,0.11120000000010855,0.9987016626035038
AR4363,AR,3.597299999999879,-0.007799999999999141,0.2133000000001024,0.9990607584025686
AR4366,AR,3.5679999999998824,0.025299999999997436,0.27410000000009527,0.993655559146102
AR4367,AR,3.566799999999882,0.02149999999999741,0.2636000000000971,0.996675618572284
AR4368,AR,3.58629999999988,0.030199999999996674,0.23320000000009822,0.9931434761974578
AR4379,AR,3.6196999999998765,0.01169999999999849,0.21470000000009515,0.9984637687875041
AR4380,AR,3.6120999999998773,-0.007899999999999352,0.4762000000001052,0.999645338724398
AR4384,AR,3.5509999999998842,-0.20219999999997773,0.37210000000010224,0.9894511836282248
AR4388,AR,3.4069999999999,0.21899999999997588,0.47150000000008063,0.923984844612699
AR4389,AR,4.04399999999983,-0.0027999999999996916,0.09140000000014403,0.9375132748046475
AR4394,AR,3.468899999999893,0.045999999999994934,0.4262000000000832,0.9921055451578603
AR4395,AR,3.4827999999998918,0.03779999999999584,0.41350000000008347,0.993830424302882
AR4401,AR,3.596999999999879,0.022999999999997467,0.22010000000009633,0.996038266694824
AR4402,AR,3.569999999999882,0.06309999999999327,0.2519000000000946,0.9896176023243208
AR4403,AR,3.552799999999884,0.03379999999999628,0.267400000000094,0.9903822559474256
AR4410,AR,3.5655699999998824,-0.009239999999998805,0.2975200000000968,0.9971875828078312
AR4411,AR,3.533769999999886,-0.027329999999996968,0.33137000000009786,0.9826670792175674
AR4412,AR,3.5666099999998826,-0.011199999999998766,0.2883900000000965,0.9975867377268306
AR4421,AR,3.5908999999998796,0.004899999999999238,0.246300000000089,0.9974474546388277
AR4423,AR,3.5816999999998806,0.014099999999998225,0.2794000000000869,0.99906570073036
AR4424,AR,3.561799999999883,0.012899999999998801,0.31320000000008363,0.9983561038656846
AR4426,AR,3.578699999999881,-0.0011999999999998678,0.2511000000000938,0.9983866234938366
AR4427,AR,3.522899999999887,0.09099999999998998,0.30460000000008813,0.9744543845161205
AR4428,AR,3.5199999999998877,0.1189999999999869,0.3075000000000889,0.955567313491569
AR4429,AR,3.4916999999998906,0.15069999999998318,0.3519000000000898,0.8968009190237916
AR4430,AR,3.5361999999998854,0.15979999999998196,0.29960000000009845,0.913238932970985
AR4431,AR,4.100999999999823,0.0,-0.2721999999998399,0.7455326525224374
AR4432,AR,4.095999999999824,0.0,-0.2685999999998434,0.8518008125564712
AR4433,AR,3.362399999999905,0.15539999999998289,0.4639000000000757,0.928415623339659
AR4434,AR,3.372999999999904,0.05499999999999394,0.45150000000007573,0.9611472009632299
AR4435,AR,3.189879999999924,0.11389999999998768,0.6735000000000597,0.9478584238768408
AR4439,AR,3.6056499999998777,0.0017799999999992266,0.12426000000010884,0.998126193609269
AR4440,AR,3.5936199999998792,-0.007719999999999061,0.1481000000001056,0.9987483218251061
AR4441,AR,3.5862699999998804,-0.0003599999999996939,0.24461000000009658,0.9988231747228199
AR4456,AR,3.58749999999988,0.006999999999999229,0.2687000000001003,0.9987167060247847
AR4478,AR,3.580999999999881,-0.007999999999999119,0.2583000000000979,0.9989797921843913
AR4479,AR,3.6199999999998766,0.006399999999999295,0.38950000000010654,0.9997003798857144
AR4480,AR,NaN,NaN,NaN,NaN
AR4495,AR,3.613799999999877,0.008599999999999053,0.21750000000009484,0.9990913239297207
AR4496,AR,3.6013999999998787,0.015599999999998726,0.24430000000009544,0.9990678654986819
AR4501,AR,3.13449999999993,-0.8400999999999077,0.7281000000000502,0.9902271573302788
AR4502,AR,3.3487999999999065,0.044099999999995365,0.4898000000000695,0.9894197605805561
AR4503,AR,3.2387999999999186,0.10279999999998868,0.613600000000059,0.9736720706852958
AR4504,AR,NaN,NaN,NaN,NaN
AR4513,AR,NaN,NaN,NaN,NaN
AR4515,AR,3.5936999999998793,-0.008299999999999308,0.25480000000008873,0.9989435056172516
AR4516,AR,3.6093999999998774,-0.0017000000000000348,0.6000000000000911,0.9986125302165999
AR4526,AR,3.6199999999998766,0.008999999999999009,0.21290000000009002,0.9990313260450547
AR4527,AR,3.627599999999876,0.007599999999999163,0.1943000000000894,0.9986872084320263
AR4530,AR,3.6009999999998787,0.030999999999996586,0.21900000000008557,0.9977648690202192
AR4531,AR,3.6029999999998785,0.0246999999999975,0.22190000000009036,0.9979815132604586
AR4532,AR,3.6099999999998778,0.0023999999999997357,0.22940000000009597,0.9995279081497782
AR4534,AR,3.6011999999998783,0.004999999999999449,0.14740000000010767,0.9984560829183093
AR4535,AR,3.5975999999998787,0.004999999999999005,0.2365000000001003,0.9985095845079545
AR4536,AR,3.5823999999998803,0.0034999999999993925,0.2598000000000993,0.9985908580158669
AR4544,AR,NaN,NaN,NaN,NaN
AR4549,AR,3.596999999999879,-0.026999999999997026,0.5286000000000999,0.9951025962602211
AR4555,AR,3.607099999999878,-0.00009999999999976694,0.23550000000009064,0.9973839026438759
AR4556,AR,3.6206999999998764,-0.008999999999999009,0.2072000000000882,0.9970126382623784
AR4559,AR,3.632099999999875,0.004149999999999654,0.18499000000009636,0.998891273526141
AR4560,AR,3.6312399999998752,0.009339999999999016,0.17900000000009708,0.998731452159491
AR4563,AR,3.617999999999877,0.015999999999998238,0.113100000000109,0.9983298888502959
AR4564,AR,3.6139999999998773,0.007999999999999119,0.11040000000010908,0.9980665843543143
AR4565,AR,3.604899999999878,-0.013999999999998458,0.2387000000000965,0.9996313078972007
AR4569,AR,3.5758999999998813,-0.03779999999999584,0.4580000000001019,0.9964032503831393
AR4571,AR,3.5937999999998795,-0.005999999999999339,0.26900000000008983,0.9989000888456336
AR4576,AR,3.552099999999884,0.04839999999999467,0.281700000000094,0.9896114118808678
AR4578,AR,3.557399999999883,-0.012199999999998656,0.29280000000009476,0.9993048735378502
AR4579,AR,3.570699999999882,-0.000500000000000167,0.2747000000000934,0.999363213641288
AR4580,AR,3.596799999999879,0.00609999999999955,0.23790000000009703,0.9995064740154195
AR4581,AR,3.6097999999998778,0.004799999999999471,0.2160000000000899,0.9988592304903559
AR4582,AR,3.6178999999998767,0.011999999999998678,0.21250000000009273,0.9989620089311323
AR4585,AR,3.6348999999998743,-0.00040000000000040004,0.17490000000009243,0.998930636870276
AR4586,AR,3.6077999999998775,-0.015799999999998704,0.22370000000009016,0.9989935316894609
AR4587,AR,3.5997999999998784,-0.016399999999998194,0.25130000000008756,0.9983286381969717
AR4588,AR,3.6290999999998754,0.006899999999999462,0.1949000000000911,0.9983609493939468
AR4593,AR,3.452899999999895,-0.05799999999999361,NaN,0.99829326895578
AR4594,AR,3.6029999999998785,0.0031999999999996476,0.24670000000010317,0.9992868346018086
AR4595,AR,3.5763699999998813,-0.013629999999998699,0.26713000000009623,0.999449295491238
AR4597,AR,3.59045999999988,-0.0073099999999990395,0.24702000000009372,0.9993596832408919
AR4598,AR,3.581479999999881,0.007529999999999593,0.3033400000000963,0.9980920298983886
AR4600,AR,3.596879999999879,-0.004389999999999894,0.23113000000009531,0.9990502497151591
AR4601,AR,3.5912299999998796,-0.00646999999999931,0.24858000000009195,0.9992806654538486
AR4602,AR,3.6198999999998764,0.0039999999999995595,0.2010000000000951,0.9989394405093452
AR4615,AR,3.5659999999998826,-0.011299999999998533,0.5400000000000986,0.9974652432388382
AR4628,AR,3.623499999999876,0.004799999999999471,0.22910000000010022,0.9965232349679968
AR4643,AR,3.569499999999882,-0.03549999999999631,0.6303000000000929,0.9944057156912731
AR4644,AR,3.570599999999882,0.00019999999999997797,0.27780000000009375,0.9992276615089729
AR4664,AR,3.5854999999998802,-0.01689999999999836,0.25770000000009974,0.9960670709151728
AR4666,AR,3.58669999999988,-0.00039999999999995595,0.25840000000009855,0.9989839168389346
AR4696,AR,3.5029999999998895,0.08999999999999009,0.33860000000008705,0.9702196422325503
R1350,AR,3.58849999999988,0.06239999999999313,0.40240000000008624,0.9971389095878034
R1351,AR,3.624599999999876,0.0,0.16760000000007214,0.9981346186678505
R1352,AR,3.5863999999998804,0.04039999999999555,0.440700000000084,0.9968847294199488
R1355,AR,3.6217172355650664,0.014762058258058541,0.20150784492501206,0.9984881778811602
R1355_AMY25R1355ST1,AR,3.6217172355650664,0.014762058258058541,0.20150784492501206,0.9984881778811602
