cell_name,status,event,last_fade_cycle,n_regular,time,true_pass_n200,true_pass_n300,true_pass_n400,pred_pass_n200,pred_pass_n300,pred_pass_n400,prob_pass_n200,prob_pass_n300,prob_pass_n400,oof_prob_pass_n200,oof_prob_pass_n300,oof_prob_pass_n400,rsf_median_cycle
0MC2-251022-001,faded,True,393.0,393,393,1.0,1.0,0.0,1,0,0,0.7040615943041558,0.4281357734848363,0.1236334232171402,0.6676976705897809,0.46154424694745055,0.1338596058383568,381.0
0MC2-251022-002,faded,True,317.0,317,317,1.0,1.0,0.0,1,1,0,0.9674453046727965,0.7546778103229529,0.22878004134385893,0.9393010782707293,0.6855202589733204,0.21773374349420116,381.0
0MC2-251022-003,faded,True,692.0,692,692,1.0,1.0,1.0,1,1,1,0.8394067429486404,0.6604431659820797,0.5101600546120997,0.8779344559774366,0.4863821886677521,0.43393483649745956,677.0
0MC2-251022-004,faded,True,797.0,797,797,1.0,1.0,1.0,1,1,1,0.9574678135384791,0.6092820952677547,0.5371072617074407,0.9211562441839417,0.5604419441933338,0.24946043928332942,715.0
0MC2-251028-002,faded,True,681.0,681,681,1.0,1.0,1.0,1,1,0,0.8034085171079611,0.6168017870950083,0.4841293449782811,0.7253601539436482,0.45963445381763507,0.2606437971717358,639.0
0MC2-251029-001,censored,False,,465,465,1.0,1.0,1.0,1,0,0,0.7578692122115784,0.30985525734651875,0.2666895303201091,,,,667.0
0MC2-251029-002,censored,False,,457,457,1.0,1.0,1.0,1,1,1,0.9686168616493084,0.8613198380646184,0.5977271153856608,,,,681.0
0MC2-251029-003,censored,False,,445,445,1.0,1.0,1.0,1,1,1,0.8717495981518707,0.6573367533644524,0.5235421932916061,,,,335.0
0MC2-251107-006,censored,False,,600,600,1.0,1.0,1.0,1,1,1,0.9437939800003636,0.6574786461687714,0.6025277944048607,,,,734.0
0MC2-251107-010,censored,False,,618,618,1.0,1.0,1.0,1,1,1,0.9576818958501991,0.7628358849668403,0.6451959418336302,,,,709.0
0MC2-251111-003,censored,False,,611,611,1.0,1.0,1.0,1,1,1,0.9686016055229416,0.8808775807626428,0.572479098307922,,,,677.0
0MC2-251111-006,censored,False,,10,10,,,,1,1,0,0.9512451045354201,0.6624010673347006,0.4041765359830822,,,,415.0
0MC2-251111-008,censored,False,,650,650,1.0,1.0,1.0,1,1,1,0.9702578289818014,0.897122667406107,0.7334960585026952,,,,715.0
0MC2-251112-010,censored,False,,10,10,,,,1,1,0,0.7769825494676255,0.7092433921773126,0.2510011146463295,,,,380.0
0MC2-251118-003,censored,False,,10,10,,,,1,1,0,0.8491344885910469,0.6335310859594763,0.3530146657605918,,,,356.0
0MC2-251118-004,censored,False,,10,10,,,,1,1,1,0.9777581961594444,0.9122422802559574,0.6714872511581541,,,,482.0
0MC2-251118-005,censored,False,,10,10,,,,1,1,0,0.9637014791812983,0.7747541726351654,0.4665495374309747,,,,420.0
0MC2-251120-007,censored,False,,10,10,,,,1,1,1,0.8271955916281691,0.6257511531207636,0.5360640616713624,,,,420.0
0MC2-251125-005,censored,False,,10,10,,,,1,1,0,0.9681228912692834,0.8011235964698186,0.3635729164619965,,,,416.0
0MC2-251125-009,censored,False,,10,10,,,,1,1,0,0.7842264244448333,0.6606697324163359,0.31052355925742,,,,417.0
0MC2-251125-012,censored,False,,10,10,,,,0,0,0,0.3380566645705632,0.32352551416405695,0.20629577479857727,,,,418.0
0MC2-251202-007,censored,False,,10,10,,,,1,1,0,0.9646863944108133,0.8019640830136973,0.4275127915913739,,,,445.0
0MC2-251202-010,censored,False,,10,10,,,,1,1,0,0.8848224460372438,0.7409395607138709,0.3596397283141299,,,,421.0
0MC2-251205-010,censored,False,,96,96,,,,1,1,0,0.9032784800144488,0.5891478547297041,0.1971189184078513,,,,416.0
0MC2-251216-014,censored,False,,385,385,1.0,1.0,,1,1,0,0.9555061112191672,0.5860675845638549,0.21914993595703622,,,,530.0
0MC2-251216-019,censored,False,,210,210,1.0,,,1,1,0,0.9460356791662384,0.508477043919823,0.12973105863564974,,,,431.0
0MC2-251216-020,censored,False,,219,219,1.0,,,1,1,0,0.9599814925528795,0.7657692534463356,0.27370788035862326,,,,478.0
0MC2-251216-023,censored,False,,379,379,1.0,1.0,,1,0,0,0.5308538287040282,0.34596811182764564,0.17614350652914487,,,,271.0
0MC2-251222-001,faded,True,43.0,43,43,0.0,0.0,0.0,0,0,0,0.25588241527289296,0.2206506603207619,0.17007297001843022,0.3162414554786585,0.35593347657264895,0.24725104367022085,418.0
0MC2-251222-002,faded,True,15.0,15,15,0.0,0.0,0.0,0,0,0,0.19940023691986475,0.2511651204341653,0.03645727479118899,0.1994865199179129,0.39879150202766483,0.0870021416804132,158.0
0MC2-251222-004,faded,True,30.0,30,30,0.0,0.0,0.0,0,0,0,0.1995197747153512,0.11257285403091766,0.06895652463165639,0.2235677799742058,0.16980979209847147,0.08935555615187919,221.0
0MC2-251222-005,faded,True,35.0,35,35,0.0,0.0,0.0,1,0,0,0.6484608304428805,0.27470587213174524,0.32012012713440746,0.7338415301090148,0.33736962696075184,0.49695126500953835,445.0
0MC2-251222-006,censored,False,,272,272,1.0,,,1,1,1,0.8533864657802723,0.6880266322898504,0.5779030918290643,,,,569.0
0MC2-260120-014,censored,False,,84,84,,,,1,0,0,0.8379076891005345,0.4178821625028562,0.1444588869779623,,,,395.0
0MC2-260312-026,censored,False,,21,21,,,,0,0,0,0.35078909843430783,0.295481755374656,0.07691732621778165,,,,225.0
0MC20-250703-R002,faded,True,166.0,166,166,0.0,0.0,0.0,0,0,0,0.10055610407831227,0.04516464184666917,0.03248820806102614,0.10596501109462214,0.0435077209201217,0.021505135630534352,90.0
0MC20-251121-R001,faded,True,67.0,67,67,0.0,0.0,0.0,0,0,0,0.19516287244732425,0.14272815043211579,0.12111085602024613,0.22837826632502603,0.2458890374824532,0.11422732612349622,246.0
0MC20-251126-R001,faded,True,246.0,246,246,1.0,0.0,0.0,0,0,0,0.3691431597743752,0.1341988635077108,0.07987535203955903,0.19294741516468275,0.165145810073259,0.10039182667243114,256.0
0MC20-251126-R002,faded,True,163.0,163,163,0.0,0.0,0.0,0,0,0,0.12543997218690742,0.15833615315237734,0.009834262004761812,0.19704060602219808,0.3559835662068254,0.011771392836491663,163.0
0MC20-251126-R003,faded,True,158.0,158,158,0.0,0.0,0.0,0,0,0,0.0828546978178815,0.04550495546014683,0.03192469064165665,0.08171547460230746,0.10093510800638392,0.03496121356972963,163.0
0MC20-251204-R001,censored,False,,267,267,1.0,,,1,1,0,0.9521171598956514,0.7851631953280241,0.4891420726858536,,,,525.0
0MC20-251209-R001,censored,False,,14,14,,,,1,0,0,0.7017072939579372,0.19169887167624514,0.07307050204005987,,,,335.0
0MC20-251216-R002,censored,False,,145,145,,,,1,1,0,0.7192268582212313,0.5447989730676331,0.3369669464619338,,,,549.0
0MC20-251216-R003,censored,False,,172,172,,,,1,0,0,0.701804328672337,0.19189580386939528,0.07307050204005987,,,,318.0
0MC20-260128-R001,censored,False,,71,71,,,,1,1,0,0.9587277738177362,0.7595621572755722,0.25346695867050856,,,,431.0
0MC20-260129-R001,censored,False,,50,50,,,,1,1,0,0.9592275114647774,0.7696465454180559,0.24530181674883758,,,,439.0
0MC20-260203-R001,censored,False,,59,59,,,,1,0,0,0.5022218849190301,0.16161853123771724,0.03754841406890281,,,,416.0
0MC40-260115-R001,censored,False,,226,226,1.0,,,1,1,0,0.8370427430641953,0.5008962678811228,0.3225283844822542,,,,621.0
0MC6-260107-R002,censored,False,,144,144,,,,0,0,0,0.09500904600610766,0.03154252200537243,0.01603667661866274,,,,257.0
0MC6-260107-R003,censored,False,,21,21,,,,0,0,0,0.2676984387617002,0.19730992315714865,0.0381897817186337,,,,139.0
0MC6-260107-R004,censored,False,,28,28,,,,1,0,0,0.6671687010639124,0.26869142258585016,0.11706113900183933,,,,428.0
0MC6-260107-R005,censored,False,,145,145,,,,1,0,0,0.7397134446557233,0.34004213644187853,0.14249206638369297,,,,376.0
0MC6-260107-R006,censored,False,,143,143,,,,1,0,0,0.7480418306170402,0.26306330179377774,0.08180007280783973,,,,351.0
0MC6-260107-R007,censored,False,,129,129,,,,1,0,0,0.7470780684617973,0.2588658357530351,0.08084676761594844,,,,340.0
0MC6-260107-R008,censored,False,,140,140,,,,0,0,0,0.35339012908858475,0.3006533827684966,0.08336532933376212,,,,246.0
0MC6-260107-R009,censored,False,,130,130,,,,1,0,0,0.638429345127702,0.30041930565603914,0.10652755951614498,,,,246.0
0MC6-260108-R001,faded,True,258.0,258,258,1.0,0.0,0.0,1,1,1,0.8581806416413705,0.6197115428701162,0.5677980780657169,0.7247865806682663,0.7381210450751274,0.807266005609647,258.0
0MC6-260119-R001,faded,True,264.0,264,264,1.0,0.0,0.0,1,0,0,0.8004058175628042,0.407615332463997,0.35996236622695177,0.77258561266556,0.4795345580618848,0.5009192502941078,253.0
0MC6-260119-R006,faded,True,246.0,246,246,1.0,0.0,0.0,1,1,0,0.8102464436896876,0.5709339486803134,0.34527169831527244,0.8000921006583412,0.6473283716258454,0.4831418303038373,253.0
0MC6-260121-R002,censored,False,,116,116,,,,1,0,0,0.8212229817999176,0.33738024104375886,0.1264419988201132,,,,484.0
0MC6-260121-R004,censored,False,,116,116,,,,1,0,0,0.6961333555480982,0.1574458903132982,0.05361481257362665,,,,418.0
0MC6-260122-R004,censored,False,,44,44,,,,1,0,0,0.7837762663775714,0.2466955265997911,0.1763473204090758,,,,400.0
0MC6-260123-R003,censored,False,,112,112,,,,1,0,0,0.7031883571791503,0.19319304274107757,0.07677784836553248,,,,268.0
0MC6-260127-R005,censored,False,,146,146,,,,1,0,0,0.6805888760426104,0.15642388659151824,0.163406204202984,,,,420.0
0MC6-260209-R001,censored,False,,101,101,,,,1,0,0,0.7389041137674719,0.3453086098680625,0.14671473197129845,,,,288.0
0MC6-260211-R002,censored,False,,133,133,,,,1,1,0,0.704848420465216,0.5405275485653084,0.45305396277285576,,,,530.0
0MC6-260211-R003,censored,False,,74,74,,,,1,0,0,0.8075412331628862,0.39121390538910444,0.3595205043665342,,,,469.0
0MC6-260212-R004,censored,False,,195,195,,,,1,0,0,0.9206827663481661,0.4409349130241709,0.1299783139811474,,,,381.0
0MC6-260213-R001,faded,True,200.0,200,200,1.0,0.0,0.0,1,0,0,0.7850509835811339,0.25050405083086924,0.32266061827429987,0.6129928245677256,0.4253481126582805,0.45320554495043036,395.0
0MC6-260218-R002,censored,False,,130,130,,,,1,0,0,0.7818062789825158,0.33801876152261007,0.15429928776879195,,,,259.0
0MC6-260218-R003,censored,False,,142,142,,,,1,0,0,0.5991416479305366,0.39355276494946567,0.22708821948347846,,,,530.0
0MC6-260218-R005,censored,False,,92,92,,,,1,0,0,0.6798951785598023,0.15235567658569718,0.1545294947444469,,,,400.0
0MC6-260218-R006,censored,False,,158,158,,,,1,0,0,0.7252123023296498,0.18933414343569505,0.1603442825125499,,,,300.0
0MC6-260303-R001,censored,False,,11,11,,,,1,0,0,0.7900376023362888,0.2850114119306359,0.08427119599916465,,,,570.0
0MC6-260303-R001_from_db,censored,False,,11,11,,,,1,0,0,0.7900376023362888,0.2850114119306359,0.08427119599916465,,,,570.0
0MC6-260303-R002,censored,False,,11,11,,,,1,0,0,0.7819599254258923,0.3064287089472111,0.1835252495782684,,,,400.0
0MC6-260303-R003,censored,False,,10,10,,,,0,0,0,0.16370047198771795,0.20957357306600782,0.03751965827712518,,,,249.0
0MC6-260303-R004,censored,False,,11,11,,,,1,0,0,0.7480530222907065,0.26570051643988984,0.08229796039463717,,,,400.0
0MC6-260316-R002,censored,False,,47,47,,,,1,0,1,0.7938122253609964,0.42783862963189134,0.5000277719800065,,,,525.0
0MC6-260317-R001,censored,False,,130,130,,,,0,0,0,0.17097174851845134,0.0587054278926518,0.08349420859692716,,,,246.0
0MC6-260317-R005,censored,False,,217,217,1.0,,,1,0,0,0.6087854747256983,0.4815298931356641,0.32211458093654816,,,,258.0
0MC6-260317-R007,censored,False,,32,32,,,,1,0,0,0.7545454381158739,0.31526581412222504,0.17698384569698888,,,,469.0
0MC6-260317-R008,censored,False,,34,34,,,,1,1,0,0.8040672530855104,0.6320335864651656,0.48737669271242856,,,,614.0
0MC6-260319-R001,censored,False,,12,12,,,,1,1,1,0.8713754570215965,0.6150727429554442,0.6243213637614582,,,,523.0
0MC6-260319-R002,censored,False,,13,13,,,,1,0,0,0.7237728044591519,0.24600960772708855,0.26489535930849756,,,,469.0
0MC6-260325-R003,censored,False,,104,104,,,,1,0,0,0.7020385836914936,0.18941086689598546,0.07032617091405635,,,,253.0
0MC6-260402-R001,censored,False,,59,59,,,,1,1,1,0.8675763132175157,0.6892599453680333,0.5887014829014933,,,,525.0
0MC6-260402-R002,censored,False,,11,11,,,,1,1,1,0.866957497081743,0.6853404128443266,0.5822582653893105,,,,545.0
0MC6-260402-R003,censored,False,,63,63,,,,1,1,0,0.8623722761936441,0.6341940594628257,0.4709755651435717,,,,611.0
0MC6-260402-R004,censored,False,,55,55,,,,1,0,0,0.7026636473960877,0.2138436792955845,0.24196984700388005,,,,326.0
0MC6-260402-R005,censored,False,,65,65,,,,1,1,0,0.8661663795288307,0.6451352676975879,0.48518605174786716,,,,569.0
0MC6-260402-R006,censored,False,,11,11,,,,1,0,0,0.8260922798127615,0.4833344691918144,0.4500830506138464,,,,677.0
0MC6-260402-R007,censored,False,,11,11,,,,1,1,0,0.5969089322091483,0.5905951160650921,0.35391639361573873,,,,565.0
0MC6-260402-R008,censored,False,,6,6,,,,1,1,1,0.8676435525497057,0.6861872704953146,0.5706870141855025,,,,329.0
0MC6-260402-R009,censored,False,,63,63,,,,1,0,0,0.7636830104532105,0.392292133118638,0.34919838945218007,,,,530.0
0MC6-260402-R010,censored,False,,64,64,,,,1,0,0,0.6847663553895674,0.4637731765495072,0.34163520363203786,,,,604.0
0MC6-260402-R011,censored,False,,11,11,,,,1,0,0,0.7807911395196249,0.34297571461302706,0.17690903914324588,,,,418.0
0MC6-260402-R012,censored,False,,67,67,,,,1,1,0,0.6420459326322054,0.5879990581792479,0.3325846140201759,,,,422.0
0MC6-260402-R013,censored,False,,11,11,,,,1,0,0,0.7614038639792912,0.3622128178018806,0.35987361356969355,,,,588.0
0MC6-260402-R014,censored,False,,65,65,,,,1,1,1,0.8711543889084081,0.6178093685903868,0.615624449435648,,,,445.0
0MC6-260402-R015,censored,False,,64,64,,,,1,1,1,0.8409425335277393,0.6371040391104478,0.5263940332362106,,,,569.0
0MC6-260403-R001,censored,False,,65,65,,,,1,1,0,0.7703539829432049,0.6561125624382825,0.43443691630194115,,,,604.0
0MC6-260403-R002,censored,False,,63,63,,,,1,1,1,0.6889989163743774,0.6340588483868228,0.5108783220897988,,,,611.0
0MC6-260403-R003,censored,False,,58,58,,,,1,1,1,0.8613401401331596,0.6804860491557284,0.5795292205720847,,,,300.0
0MC8-251113-R001,faded,True,530.0,530,530,1.0,1.0,1.0,1,1,0,0.7588178362649013,0.509938609901815,0.48277204133820956,0.7294417096559749,0.41434756187591354,0.22955044999311253,549.0
0MC8-251113-R002,faded,True,501.0,501,501,1.0,1.0,1.0,1,0,0,0.7814878517749617,0.37981817213303026,0.39010651006016267,0.6755429010602986,0.3724924337394547,0.2788770146517729,513.0
0MC8-251209-R002,censored,False,,400,400,1.0,1.0,1.0,1,0,0,0.7274780376188957,0.40335314757065716,0.3100250005651532,,,,614.0
0MC8-251216-R001,censored,False,,487,487,1.0,1.0,1.0,1,1,1,0.8795506244262401,0.6315902283042725,0.5134106772445176,,,,415.0
AR-2736,faded,True,153.0,153,153,0.0,0.0,0.0,1,1,0,0.9039908295983118,0.5713181793278357,0.25409558917307057,0.9705448192302609,0.6912554301409882,0.37891151329603767,400.0
AR-3420,faded,True,253.0,253,253,1.0,0.0,0.0,1,0,0,0.9182853645636263,0.4436915139879766,0.22360213151716177,0.9667122632988414,0.6510981351669213,0.27789627680141915,324.0
AR-3421,faded,True,268.0,268,268,1.0,0.0,0.0,1,1,0,0.9522845972336422,0.6083033500909935,0.18149888012677118,0.9250005299041322,0.7764234124237507,0.07887461663723179,264.0
AR-3422,faded,True,639.0,639,639,1.0,1.0,1.0,1,1,1,0.957179796222564,0.8229766009816987,0.6199211692133333,0.9375185093297771,0.7474521088732019,0.6043899290839093,459.0
AR-3423,faded,True,614.0,614,614,1.0,1.0,1.0,1,1,1,0.9815659269588575,0.9194610105191824,0.7509394952513438,0.9642621823759763,0.9221966030770249,0.6733318433972023,530.0
AR3684,faded,True,604.0,604,604,1.0,1.0,1.0,1,1,1,0.9751555613481309,0.9342607583480157,0.6520083104460508,0.9662265027808362,0.9467005776593459,0.742115572763107,534.0
AR3685,faded,True,524.0,524,524,1.0,1.0,1.0,1,0,0,0.5786546195582479,0.47014673863475676,0.3213238498658676,0.6706063841657374,0.5450090309965094,0.11604568136770677,324.0
AR3771,faded,True,279.0,279,279,1.0,0.0,0.0,1,1,1,0.9555977195111217,0.6122095669888861,0.517324524285096,0.9469159664602314,0.7437306190389338,0.6101673187976419,469.0
AR3772,faded,True,443.0,443,443,1.0,1.0,1.0,1,1,1,0.9477078222648339,0.7305474209496932,0.6048373045318293,0.8708717934301653,0.6493412443365812,0.6260907332675124,443.0
AR3773,faded,True,420.0,420,420,1.0,1.0,1.0,1,1,1,0.9539264540587771,0.7327468126307707,0.6248774572052542,0.9573132816627826,0.6635928588652258,0.4970013398741059,439.0
AR3774,faded,True,415.0,415,415,1.0,1.0,1.0,1,1,1,0.9743244766843924,0.9151632060386493,0.7360768554594799,0.9584198092567904,0.8922538119225494,0.7295662945675143,445.0
AR3775,faded,True,295.0,295,295,1.0,0.0,0.0,1,1,0,0.9331920984378921,0.5853310196855672,0.2561257744840377,0.9713374082137687,0.7251953649836385,0.432634247582153,523.0
AR3776,faded,True,418.0,418,418,1.0,1.0,1.0,0,0,0,0.48576641611774113,0.33479178481872335,0.35595081605548307,0.3440063387417224,0.219337531860291,0.33190247122691,420.0
AR3854,faded,True,513.0,513,513,1.0,1.0,1.0,1,1,1,0.9812407382685824,0.9211673574879969,0.7664110674470941,0.945367823735181,0.8618319258191678,0.7855212910109453,570.0
AR3858,faded,True,288.0,288,288,1.0,0.0,0.0,1,0,0,0.8822171978753863,0.3281499994760035,0.1037331286023102,0.6370824310261027,0.2085487350664247,0.14850968018878213,288.0
AR3864,faded,True,373.0,373,373,1.0,1.0,0.0,1,1,0,0.9496530997019073,0.7791124855756231,0.23278591741045546,0.9355298022005638,0.7095639326467021,0.2369140307443974,381.0
AR3865,faded,True,189.0,189,189,0.0,0.0,0.0,1,0,0,0.6959310553139777,0.2871261760538119,0.08431418620181678,0.8383166688659751,0.5537944843241894,0.09672122366180881,268.0
AR3867,faded,True,326.0,326,326,1.0,1.0,0.0,1,1,1,0.9137952589958643,0.8093162367005711,0.6602823730806517,0.8864548292964537,0.7444256839359867,0.7610406057363353,469.0
AR3870,faded,True,532.0,532,532,1.0,1.0,1.0,1,0,0,0.77219969089506,0.26584239627503026,0.28730745949336134,0.4301603779013494,0.19543122782680558,0.2565934058904628,351.0
AR3871,faded,True,421.0,421,421,1.0,1.0,1.0,1,1,1,0.9057945345554473,0.8036971396758514,0.7165728793214089,0.9415735919871115,0.7859702407065403,0.5282619944188378,469.0
AR3872,faded,True,381.0,381,381,1.0,1.0,0.0,1,1,0,0.9555561239097605,0.5941677244274897,0.22994161661047624,0.9470925958817378,0.7419249726080501,0.20167038093683592,288.0
AR3873,faded,True,381.0,381,381,1.0,1.0,0.0,1,1,0,0.9601173243752521,0.7612276484714775,0.2775235027672547,0.9586524342832949,0.6834935592773734,0.2831649448549766,415.0
AR3875,faded,True,432.0,432,432,1.0,1.0,1.0,1,1,1,0.9334118061855063,0.894136752051272,0.7969014323713437,0.914975240532577,0.8454979533192687,0.6548835649220806,473.0
AR3876,faded,True,324.0,324,324,1.0,1.0,0.0,1,1,0,0.968375646986202,0.7693132746480853,0.2643886342129242,0.9749678913077311,0.7177444342752038,0.38912965411928785,324.0
AR3877,faded,True,335.0,335,335,1.0,1.0,0.0,1,1,0,0.9495816740519529,0.7803198112654768,0.27577289279738065,0.9158834823897677,0.6960444218383465,0.25157123941697584,317.0
AR3879,faded,True,473.0,473,473,1.0,1.0,1.0,1,1,1,0.8658175507023345,0.6893749838102211,0.5882437086093182,0.8336795710334465,0.5509281663529259,0.5200323898126742,422.0
AR3883,faded,True,545.0,545,545,1.0,1.0,1.0,1,1,1,0.9740565786100556,0.8999721610286863,0.6768786893107721,0.9557925026600159,0.9038922245793859,0.6330394288931992,501.0
AR3884,faded,True,690.0,690,690,1.0,1.0,1.0,0,0,0,0.3078278592772624,0.2848867240101284,0.21946796745727312,0.25818944388065473,0.198250965249859,0.22185599285156893,443.0
AR3885,faded,True,649.0,649,649,1.0,1.0,1.0,0,0,0,0.33229368756836714,0.3489311231899499,0.2642176886243029,0.2386758844475763,0.25030575986535586,0.13617556426147245,473.0
AR3886,censored,False,,914,914,1.0,1.0,1.0,1,1,0,0.7648670723976243,0.5467067486373397,0.34391000016068196,,,,473.0
AR3887,faded,True,525.0,525,525,1.0,1.0,1.0,1,1,1,0.8581819222043513,0.7147489481438021,0.5423489219447036,0.7958070330352205,0.5748450070158899,0.4230886972294353,473.0
AR3891,faded,True,627.0,627,627,1.0,1.0,1.0,1,0,1,0.8190330975021294,0.3540889949909025,0.5610828919414849,0.6708087892792486,0.29603863538722636,0.41570126689283243,432.0
AR3908,faded,True,448.0,448,448,1.0,1.0,1.0,1,1,1,0.968984670083036,0.8751197030637584,0.7546188752179308,0.952039968102759,0.8671428120862826,0.7325469486782452,525.0
AR3909,censored,False,,335,335,1.0,1.0,,1,1,0,0.8469461588886333,0.593234862426952,0.3666835149634898,,,,530.0
AR3910,censored,False,,310,310,1.0,1.0,,1,1,1,0.9676036460082127,0.7932102605638878,0.5080344735821045,,,,513.0
AR3911,faded,True,340.0,340,340,1.0,1.0,0.0,1,1,0,0.6469497481782446,0.5910391388971858,0.3453631317558859,0.6213055585298024,0.44071130992917334,0.35534785345525755,381.0
AR3914,censored,False,,961,961,1.0,1.0,1.0,1,1,1,0.9603492273380938,0.9146546585668194,0.6502764503888179,,,,621.0
AR3915,faded,True,300.0,300,300,1.0,1.0,0.0,1,1,0,0.660606279891289,0.5370469153109074,0.2874333556462884,0.541479759788839,0.42671304094617857,0.3505292251203659,432.0
AR3917,faded,True,565.0,565,565,1.0,1.0,1.0,1,1,1,0.8761733358828796,0.8100862690358431,0.6970051440559211,0.7517664693774772,0.7702791569222898,0.5936253479387763,565.0
AR3918,faded,True,604.0,604,604,1.0,1.0,1.0,1,1,1,0.9037401848935555,0.8073143488472821,0.7208391065632598,0.884272725810435,0.7465661790687156,0.6397836556048693,534.0
AR3919,censored,False,,714,714,1.0,1.0,1.0,1,1,1,0.9693652646932793,0.8554620014239119,0.7764938366938909,,,,715.0
AR3920,censored,False,,722,722,1.0,1.0,1.0,1,1,1,0.9420477615144014,0.8630176953684405,0.7338340084810216,,,,734.0
AR3921,faded,True,519.0,519,519,1.0,1.0,1.0,1,1,1,0.8775493445237762,0.8138811294230945,0.7136616687539287,0.8267231358485052,0.7666868128022335,0.6610992346984961,534.0
AR3922,faded,True,699.0,699,699,1.0,1.0,1.0,1,1,1,0.8559312362357997,0.7783233079401896,0.7006647682584478,0.8387829211612883,0.750254658992045,0.691524384393722,545.0
AR3923,faded,True,677.0,677,677,1.0,1.0,1.0,1,1,1,0.9496794361979367,0.8462533876859984,0.7763041771527626,0.9637214336002232,0.8617452038710309,0.8757871849569524,677.0
AR3924,censored,False,,647,647,1.0,1.0,1.0,1,1,1,0.936472361957965,0.7383289404430022,0.7390903330670867,,,,677.0
AR3941,faded,True,622.0,622,622,1.0,1.0,1.0,1,1,1,0.9246588010720221,0.7615355479946245,0.6305453787777421,0.9316028356945173,0.7341181279251964,0.49784152345717203,473.0
AR3942,faded,True,848.0,848,848,1.0,1.0,1.0,1,1,1,0.9650698036233725,0.8993333462673028,0.782578582406548,0.9495082940960016,0.8701985637355223,0.717070846591717,518.0
AR3944,faded,True,333.0,333,333,1.0,1.0,0.0,0,0,0,0.423019207192743,0.418633241145308,0.025398272989096818,0.41489775048228544,0.3012677748513789,0.02978314108756201,186.0
AR3949,faded,True,422.0,422,422,1.0,1.0,1.0,1,1,1,0.8611354442971921,0.8113806404148921,0.7168513064420791,0.7073171881144144,0.7475937650779946,0.5520901610379093,534.0
AR3950,censored,False,,282,282,1.0,,,1,1,1,0.9087354624923173,0.8877473028095898,0.6531716782135921,,,,565.0
AR3951,faded,True,540.0,540,540,1.0,1.0,1.0,1,1,1,0.916956047922035,0.8011393852092217,0.716757156857541,0.8840587334426158,0.7434022186133681,0.642368348038749,540.0
AR3952,faded,True,30.0,30,30,0.0,0.0,0.0,0,0,0,0.057125703536775346,0.0243224843105395,0.008860307922543957,0.06038699282214985,0.0321696063051034,0.014082355396640761,69.0
AR3953,faded,True,29.0,29,29,0.0,0.0,0.0,0,0,0,0.05938091727850492,0.02355589336936978,0.008189150307678113,0.09658321183941525,0.061421221861370424,0.009038528065831573,64.0
AR3961,faded,True,448.0,448,448,1.0,1.0,1.0,1,1,1,0.9102091990455496,0.8530517629791314,0.7514500481329163,0.8929866267592695,0.819500241108539,0.6324397407796569,448.0
AR3962,faded,True,478.0,478,478,1.0,1.0,1.0,1,1,1,0.9682145565381169,0.8808920916350935,0.7075069782315226,0.9647717400145296,0.8883768153484312,0.7351646026135878,549.0
AR3963,faded,True,459.0,459,459,1.0,1.0,1.0,1,1,1,0.973832649133523,0.8440976691056227,0.7816939470783495,0.9319737931004447,0.7887440636790249,0.7259091504869134,611.0
AR3964,faded,True,431.0,431,431,1.0,1.0,1.0,1,1,1,0.9781857466323856,0.9118818014802781,0.6847779376998475,0.9652829078584303,0.8440587052894614,0.7002833580423937,482.0
AR3966,faded,True,508.0,508,508,1.0,1.0,1.0,1,1,1,0.9691691028549086,0.9124973312529474,0.7743032195018568,0.9653228723961219,0.8957649772152789,0.8217026623178602,677.0
AR3967,faded,True,318.0,318,318,1.0,1.0,0.0,1,1,0,0.8380242412320491,0.7151413368487262,0.31188319046015817,0.7824677053431492,0.5976280954830745,0.3755423770486822,420.0
AR3968,faded,True,416.0,416,416,1.0,1.0,1.0,1,1,1,0.969053676370218,0.9007404484559509,0.8134708322349266,0.9757094233988195,0.9139062986221269,0.8359722996078871,565.0
AR3970,faded,True,465.0,465,465,1.0,1.0,1.0,1,1,1,0.9765562923910719,0.8942594868648995,0.7098785306165409,0.9746494786634048,0.876879494309617,0.8464807670564745,326.0
AR3971,faded,True,469.0,469,469,1.0,1.0,1.0,1,1,1,0.9506605767330917,0.8543215575769126,0.7761716292286631,0.9297086167274471,0.7954168298956963,0.7726660960314011,585.0
AR3972,faded,True,715.0,715,715,1.0,1.0,1.0,1,1,1,0.9692908726691356,0.8947125827395809,0.7927292439359257,0.938780355866514,0.8436589363391068,0.6541502729574903,604.0
AR3973,faded,True,155.0,155,155,0.0,0.0,0.0,0,0,0,0.19804255558695413,0.14253132311871,0.07605967230156588,0.18584164103066195,0.1802333523791809,0.09877198743135607,155.0
AR3974,faded,True,126.0,126,126,0.0,0.0,0.0,0,0,0,0.2378334723931752,0.14093287922172154,0.0732971241704451,0.33218812433904954,0.15020688461969497,0.0798130277402746,155.0
AR3975,faded,True,410.0,410,410,1.0,1.0,1.0,1,1,1,0.9642466115943433,0.8924207621812963,0.777981649476111,0.9501424701771098,0.8839166379934611,0.7276102010658194,421.0
AR3976,faded,True,351.0,351,351,1.0,1.0,0.0,1,1,1,0.9516384745666787,0.9387034883302642,0.6329298554277889,0.9522357490157711,0.9356725306432238,0.7668859783047468,432.0
AR3977,faded,True,82.0,82,82,0.0,0.0,0.0,0,0,0,0.16069356427608136,0.10312521586811695,0.06448170261242941,0.25097488938352625,0.0994027491256141,0.02962641103084562,155.0
AR3978,faded,True,126.0,126,126,0.0,0.0,0.0,0,0,0,0.36401057986908064,0.24043079714176044,0.2247763131647088,0.4482785639761736,0.16413243362814234,0.21347796323301169,253.0
AR3979,faded,True,73.0,73,73,0.0,0.0,0.0,0,0,0,0.12241110297803598,0.09610201358456384,0.07182017116378629,0.2449109642788399,0.09279618759248631,0.05352327732311467,163.0
AR3980,faded,True,149.0,149,149,0.0,0.0,0.0,0,0,0,0.1967976030229059,0.21306233276065087,0.23253314290950397,0.23533300432661688,0.2793902697753518,0.2131755102859662,268.0
AR3981,faded,True,221.0,221,221,1.0,0.0,0.0,1,0,0,0.7983281735019867,0.27020246225159816,0.2925823748517139,0.5052424104700717,0.21738062829608457,0.4285693009350412,373.0
AR3982,faded,True,69.0,69,69,0.0,0.0,0.0,0,0,0,0.24058285553040054,0.20752933869701862,0.19192604077929987,0.4090159570200635,0.26958781667184634,0.24676302881917747,241.0
AR3983,faded,True,68.0,68,68,0.0,0.0,0.0,0,0,0,0.15594816717281462,0.14731019510116916,0.07862514314727273,0.2192529510214172,0.06567816979128098,0.029045971012979083,155.0
AR3985,faded,True,66.0,66,66,0.0,0.0,0.0,0,0,0,0.2783895542128986,0.2614283853140966,0.21511251454576363,0.2786165452753922,0.24763941393983932,0.27588785843889496,241.0
AR3992,censored,False,,226,226,1.0,,,1,1,1,0.9777346665060225,0.917953083622392,0.746425795121824,,,,611.0
AR3993,faded,True,335.0,335,335,1.0,1.0,0.0,1,1,1,0.9772506392839534,0.9336393845552051,0.6016499955193888,0.9749996809261022,0.9356087213008283,0.7477792637612688,524.0
AR3994,censored,False,,229,229,1.0,,,1,1,1,0.9769164691754514,0.9218400725660352,0.591461987180409,,,,513.0
AR4015,censored,False,,50,50,,,,1,1,0,0.7732707907319613,0.5622096008394892,0.47715921340387946,,,,525.0
AR4016,censored,False,,51,51,,,,1,1,0,0.7375699006824012,0.6158169485281763,0.2889529209243635,,,,525.0
AR4018,faded,True,67.0,67,67,0.0,0.0,0.0,0,0,0,0.15687921523896978,0.09374176830970059,0.06531586999841388,0.2173682043477394,0.06224617139980072,0.028232828257325444,208.0
AR4019,faded,True,111.0,111,111,0.0,0.0,0.0,0,0,0,0.3192850579065387,0.20458758937528912,0.09285002073718795,0.4537540209813449,0.36348277863115375,0.15051754246003554,224.0
AR4020,faded,True,139.0,139,139,0.0,0.0,0.0,0,0,0,0.28037100061345294,0.11706261651972216,0.1312630425272068,0.39491720819325704,0.1924924824855491,0.2741729473099471,329.0
AR4021,faded,True,50.0,50,50,0.0,0.0,0.0,0,0,0,0.19137117208950188,0.09800978733107474,0.06711235126369003,0.21989228759832227,0.18313248342599828,0.08921414366384327,189.0
AR4023,faded,True,131.0,131,131,0.0,0.0,0.0,1,0,0,0.5784844444228423,0.47012566322702876,0.3220009579622066,0.6707842288389256,0.5458584608311909,0.11793066026184033,264.0
AR4024,faded,True,159.0,159,159,0.0,0.0,0.0,0,0,0,0.34766504193267506,0.2624535448858697,0.10487249759641035,0.5340931879644596,0.39837639973244704,0.055584959472265355,400.0
AR4035,censored,False,,502,502,1.0,1.0,1.0,1,1,1,0.9672758987490055,0.8498135449039179,0.7107649038489161,,,,604.0
AR4037,censored,False,,325,325,1.0,1.0,,1,1,1,0.9649568013743884,0.9009935455086013,0.7770636310888522,,,,611.0
AR4038,censored,False,,320,320,1.0,1.0,,1,1,0,0.7082905560669186,0.5329433727878099,0.2971887931501798,,,,304.0
AR4039,censored,False,,322,322,1.0,1.0,,1,1,1,0.9645914608033203,0.8964725429986939,0.7890075668288854,,,,540.0
AR4041,censored,False,,198,198,,,,1,1,1,0.9675159416059791,0.8679183483785989,0.7442434578670746,,,,540.0
AR4042,faded,True,484.0,484,484,1.0,1.0,1.0,1,1,1,0.969944036112724,0.8506160048804321,0.7693623339100606,0.9526820471059989,0.8217233181911154,0.8164804436302118,484.0
AR4053,censored,False,,324,324,1.0,1.0,,1,1,1,0.9216181252994181,0.7523882907965931,0.7138678147166098,,,,604.0
AR4055,faded,True,410.0,410,410,1.0,1.0,1.0,1,1,1,0.9737572924528363,0.8921728093682936,0.6996345537646607,0.963298126983289,0.8974092570996653,0.6870380980058518,508.0
AR4056,censored,False,,162,162,,,,1,0,0,0.596463760028868,0.4992826678820944,0.36583593270807047,,,,565.0
AR4064,censored,False,,151,151,,,,1,1,0,0.9428684281356183,0.7648975080991336,0.23382841735288498,,,,400.0
AR4065,censored,False,,150,150,,,,1,1,0,0.9558371336901508,0.5970140265517541,0.2402430857685831,,,,445.0
AR4068,censored,False,,129,129,,,,1,0,0,0.9375474330455617,0.41093859171948804,0.18546558677955818,,,,484.0
AR4069,censored,False,,131,131,,,,1,1,0,0.9205472812754527,0.5637179982512645,0.23025373513336003,,,,523.0
AR4070,censored,False,,314,314,1.0,1.0,,1,1,1,0.9163367577016017,0.8441585184775087,0.7744769651500367,,,,622.0
AR4071,faded,True,734.0,734,734,1.0,1.0,1.0,1,1,1,0.9389273272210861,0.7813734733423218,0.7655425298157288,0.9603634520539803,0.8019997057826431,0.823944139356396,681.0
AR4072,faded,True,549.0,549,549,1.0,1.0,1.0,1,1,1,0.9496532931728414,0.8455191097394603,0.7754850816078106,0.9299243130340326,0.792208443966626,0.7709381765427962,549.0
AR4078,faded,True,259.0,259,259,1.0,0.0,0.0,1,0,0,0.8206400105680484,0.3317576102079723,0.1209541491590961,0.8402407119824938,0.5401650518243938,0.1508298912996923,264.0
AR4080,censored,False,,753,753,1.0,1.0,1.0,1,1,1,0.8912973842820395,0.8306615766010377,0.6565495313065598,,,,523.0
AR4082,censored,False,,168,168,,,,1,1,1,0.9651223808872459,0.8875482366913747,0.7578289681392492,,,,585.0
AR4084,faded,True,376.0,376,376,1.0,1.0,0.0,1,1,0,0.8476277761709107,0.6219111707374854,0.3293898848660149,0.8063078573075044,0.5245079296651937,0.3969586998639396,445.0
AR4085,censored,False,,28,28,,,,1,0,0,0.7589581783131888,0.4670832608823758,0.4152263053919925,,,,300.0
AR4086,faded,True,439.0,439,439,1.0,1.0,1.0,1,1,1,0.97409628909768,0.9266161785324382,0.7861152205190358,0.9576479694803873,0.9242788986487919,0.7684467056359009,469.0
AR4088,faded,True,16.0,16,16,0.0,0.0,0.0,0,0,0,0.22880563821557817,0.21547865854448775,0.229945812543626,0.23811079222785522,0.36402493323711393,0.35850439990063004,155.0
AR4095,faded,True,611.0,611,611,1.0,1.0,1.0,1,1,1,0.9765528929238906,0.8977036465264845,0.6924401156913524,0.9683346436085277,0.8246324191310749,0.5566009639985361,611.0
AR4098,censored,False,,709,709,1.0,1.0,1.0,1,1,1,0.9140137962577042,0.85187692125331,0.7579368430343635,,,,627.0
AR4100,faded,True,709.0,709,709,1.0,1.0,1.0,1,1,1,0.9364305514488365,0.754065939153541,0.7580356749396084,0.9550231032048391,0.7612600372154992,0.7455513732213247,569.0
AR4101,censored,False,,140,140,,,,1,1,1,0.9413226205339739,0.8468942273219087,0.7750375493137607,,,,549.0
AR4102,faded,True,523.0,523,523,1.0,1.0,1.0,1,1,1,0.9365257312016372,0.7402423094016931,0.7355118335573902,0.8935689577949034,0.7366507249434754,0.6856280516881348,570.0
AR4109,censored,False,,723,723,1.0,1.0,1.0,1,1,1,0.9358110248475273,0.9048542634550171,0.7366268997762504,,,,585.0
AR4110,censored,False,,731,731,1.0,1.0,1.0,1,1,1,0.9314459806911796,0.8878469670761311,0.7651393420971869,,,,621.0
AR4111,censored,False,,567,567,1.0,1.0,1.0,1,1,0,0.8955374805747996,0.7112771595917724,0.4873983780961415,,,,639.0
AR4115,faded,True,50.0,50,50,0.0,0.0,0.0,1,0,0,0.518798250903578,0.1847987476891433,0.04865518390229012,0.765595889889816,0.422989047670191,0.04134544365640769,253.0
AR4116,censored,False,,68,68,,,,1,0,0,0.9193827945908002,0.4062251388950473,0.13879699747053506,,,,327.0
AR4121,censored,False,,47,47,,,,1,1,1,0.8765269247407169,0.8113634288459649,0.7286426231721304,,,,534.0
AR4122,censored,False,,47,47,,,,1,1,0,0.7716278273428258,0.7527526534925241,0.3411692411657427,,,,540.0
AR4123,faded,True,24.0,24,24,0.0,0.0,0.0,0,0,0,0.08032970850489372,0.030968386190932288,0.010197902221479965,0.14874778453011767,0.05796050236913979,0.0040283626941204805,111.0
AR4127,faded,True,67.0,67,67,0.0,0.0,0.0,0,0,0,0.0923306120601214,0.05197603875975262,0.03637715038455977,0.18715150318975643,0.1839259385945451,0.023013991583497324,126.0
AR4128,faded,True,271.0,271,271,1.0,0.0,0.0,1,1,1,0.9577712732580159,0.6740771143906215,0.5205284909066229,0.941634466430743,0.7405767229717959,0.5073603205799967,324.0
AR4130,faded,True,428.0,428,428,1.0,1.0,1.0,1,1,0,0.968332001809499,0.7957945166551132,0.4952955907652284,0.9348573221670616,0.7055303617286847,0.46748671499327904,508.0
AR4131,faded,True,317.0,317,317,1.0,1.0,0.0,1,1,0,0.7891919435992764,0.6752611209852066,0.29384692240460497,0.6418138171039837,0.6335005653336301,0.3800238192450872,356.0
AR4138,faded,True,257.0,257,257,1.0,0.0,0.0,1,1,1,0.972812324739201,0.7934459843630527,0.5678496658843474,0.955591536523459,0.8983781272769227,0.6610197838763116,469.0
AR4139,faded,True,241.0,241,241,1.0,0.0,0.0,1,1,1,0.9661797136542826,0.8059743505029218,0.5800103546550908,0.9391837361822736,0.7487531798076622,0.544766692880966,288.0
AR4143,faded,True,474.0,474,474,1.0,1.0,1.0,1,1,1,0.9702552986489825,0.8859521548582001,0.7736080009040714,0.9726985180042166,0.87087558237184,0.7946444038078301,525.0
AR4144,faded,True,395.0,395,395,1.0,1.0,0.0,1,1,1,0.969968396195855,0.8936875802883903,0.6518373481676917,0.9755505553697057,0.8978080418834639,0.7819973604111423,473.0
AR4145,faded,True,445.0,445,445,1.0,1.0,1.0,1,1,1,0.9676580833150933,0.8911088853504039,0.7911470737629279,0.9338006113556168,0.8174419460004512,0.6128043544089127,482.0
AR4146,faded,True,417.0,417,417,1.0,1.0,1.0,1,1,1,0.9687300662295141,0.8975496684039715,0.7999899924728145,0.964097525797423,0.9115795428701623,0.8224084029056588,565.0
AR4147,faded,True,482.0,482,482,1.0,1.0,1.0,1,1,1,0.9696634361929679,0.8844977563482544,0.773282670456923,0.9359962839107707,0.8276961378502323,0.7660826951010533,484.0
AR4148,faded,True,445.0,445,445,1.0,1.0,1.0,1,1,1,0.9765231904499464,0.9419234507162685,0.7787659013745609,0.9568178294741556,0.9275705645769144,0.6826788306581177,432.0
AR4149,censored,False,,126,126,,,,0,0,0,0.2426560395654963,0.11776885598836094,0.058089356353683265,,,,259.0
AR4162,faded,True,304.0,304,304,1.0,1.0,0.0,1,1,0,0.9557023831726476,0.6776871491113183,0.3763148751003129,0.8513547641661957,0.6229013158295524,0.5100572142452234,304.0
AR4163,faded,True,224.0,224,224,1.0,0.0,0.0,1,1,0,0.9374928938399109,0.5709071757560749,0.46018402249837603,0.8455115300033336,0.5604988755408087,0.6036716745360275,304.0
AR4164,faded,True,208.0,208,208,1.0,0.0,0.0,1,0,0,0.70983911529498,0.4652072981525816,0.2902142107265927,0.6709801542925828,0.5380699228256871,0.551961281214611,288.0
AR4165,faded,True,63.0,63,63,0.0,0.0,0.0,0,0,0,0.16528202616040064,0.15186824096255994,0.11322166542696634,0.20369104319074152,0.20009029020843425,0.10277936450536909,178.0
AR4166,faded,True,16.0,16,16,0.0,0.0,0.0,0,0,0,0.08422195715464793,0.03765436853009213,0.03315297694721509,0.06287441382621911,0.04022207298626491,0.03622949757071002,63.0
AR4167,faded,True,249.0,249,249,1.0,0.0,0.0,1,1,0,0.9385480978368631,0.5475467677792851,0.33552161581984513,0.9034062873116221,0.7337031346324088,0.4611466270379649,304.0
AR4168,faded,True,356.0,356,356,1.0,1.0,0.0,1,1,0,0.9572989166740964,0.7871278382414921,0.4641710598408696,0.9343769913878635,0.7400526333849653,0.5482304394640426,428.0
AR4169,faded,True,16.0,16,16,0.0,0.0,0.0,0,0,0,0.08082219896687101,0.031721078429996684,0.0301131190042278,0.10225866133470234,0.03084634728482819,0.01193837007351622,90.0
AR4170,faded,True,569.0,569,569,1.0,1.0,1.0,1,1,1,0.9682275385022883,0.8882166203908503,0.7904566512105269,0.9304519455298579,0.8733712024423003,0.7374803505698155,569.0
AR4177,censored,False,,631,631,1.0,1.0,1.0,1,1,1,0.961054626589462,0.8504477353774246,0.75948016650697,,,,709.0
AR4179,censored,False,,622,622,1.0,1.0,1.0,1,1,1,0.9372331076349436,0.8487960111745748,0.7430017345906318,,,,699.0
AR4181,censored,False,,637,637,1.0,1.0,1.0,1,1,1,0.9810956546345087,0.9228425142511236,0.7492679401819208,,,,667.0
AR4184,faded,True,534.0,534,534,1.0,1.0,1.0,1,1,1,0.919173141334113,0.8006356791693512,0.7170705198841222,0.8979445493708361,0.8290634839125676,0.6946619927569814,534.0
AR4185,censored,False,,603,603,1.0,1.0,1.0,1,1,1,0.8988633817476013,0.7854636833927962,0.7169327607892199,,,,649.0
AR4187,censored,False,,605,605,1.0,1.0,1.0,1,1,1,0.9137094585766561,0.7750941590987948,0.7118290524798873,,,,614.0
AR4188,censored,False,,602,602,1.0,1.0,1.0,1,1,1,0.9201051285348788,0.7422412483282961,0.6853904566598675,,,,639.0
AR4191,censored,False,,64,64,,,,1,1,1,0.9753780329724108,0.901904060117464,0.6749133422871183,,,,484.0
AR4193,censored,False,,313,313,1.0,1.0,,1,1,1,0.9428522600032238,0.7124965344822152,0.6235976834373435,,,,530.0
AR4194,censored,False,,314,314,1.0,1.0,,1,1,1,0.9249459132001979,0.608026406434784,0.5415313328689669,,,,549.0
AR4195,censored,False,,34,34,,,,1,1,0,0.921752826055342,0.5903852169800499,0.24075750472816415,,,,622.0
AR4197,faded,True,588.0,588,588,1.0,1.0,1.0,1,1,1,0.9058280855534906,0.6559902109770668,0.5806358585619409,0.9054686281403848,0.5456640722845996,0.40550353683295254,530.0
AR4198,censored,False,,593,593,1.0,1.0,1.0,1,1,0,0.9242710281128099,0.5815971561666301,0.25988328857249793,,,,681.0
AR4199,censored,False,,204,204,1.0,,,1,1,1,0.9360654044171471,0.6432207127370421,0.5493125655240315,,,,530.0
AR4216,faded,True,138.0,138,138,0.0,0.0,0.0,0,0,0,0.41488576101406405,0.32189730969463515,0.30971193690716586,0.7550899087974752,0.6238575516278467,0.42439198716959287,420.0
AR4217,faded,True,570.0,570,570,1.0,1.0,1.0,1,1,1,0.9568227702960965,0.874841285888628,0.7624982988524638,0.9165965610675256,0.79460842901553,0.6948894934942557,569.0
AR4229,faded,True,256.0,256,256,1.0,0.0,0.0,0,0,0,0.09378600349666746,0.037858172524536896,0.010818561645995874,0.09656367135236402,0.06222938472084317,0.012270338649753462,158.0
AR4230,censored,False,,491,491,1.0,1.0,1.0,0,0,0,0.16840287839983523,0.16913818562915192,0.1138127943642757,,,,340.0
AR4231,faded,True,387.0,387,387,1.0,1.0,0.0,0,0,0,0.1719026472444241,0.2745674644633833,0.009531126114805803,0.07341777601841905,0.01889570945807539,0.005524697133039234,166.0
AR4232,faded,True,585.0,585,585,1.0,1.0,1.0,1,1,1,0.9813761632626118,0.9168744687728297,0.7516370490653075,0.9465023344757607,0.8603094546959749,0.7291578666077155,519.0
AR4233,faded,True,621.0,621,621,1.0,1.0,1.0,1,1,1,0.9374251240393316,0.7350726006328708,0.6839464957955455,0.9541555536928574,0.7836668529591125,0.7019548953315459,420.0
AR4239,faded,True,40.0,40,40,0.0,0.0,0.0,0,0,0,0.08317757761448694,0.039132028498314056,0.013588038550488043,0.1546841114705062,0.09189679658795792,0.0065323996155026536,67.0
AR4240,faded,True,518.0,518,518,1.0,1.0,1.0,1,1,1,0.9266221428262413,0.8851453225863989,0.7622949565440739,0.912834734668946,0.7372737337739446,0.7000054182952467,300.0
AR4242,faded,True,324.0,324,324,1.0,1.0,0.0,0,0,0,0.4429172348756756,0.3980708556163768,0.03703103542032319,0.2892229714574614,0.1793822858376129,0.06982053156280116,155.0
AR4244,faded,True,611.0,611,611,1.0,1.0,1.0,1,1,1,0.7357028036341686,0.6890364886657616,0.5963440327415719,0.7124833004932186,0.6855060046702901,0.6593386257157942,327.0
AR4246,faded,True,71.0,71,71,0.0,0.0,0.0,0,0,0,0.08542919602962522,0.031551603145017225,0.010427159890452871,0.06758323671625166,0.048754533330627015,0.014966147377994657,71.0
AR4255,censored,False,,642,642,1.0,1.0,1.0,1,1,0,0.7877515379976968,0.6923214634281987,0.26226470808645697,,,,445.0
AR4256,faded,True,415.0,415,415,1.0,1.0,1.0,1,1,1,0.9697505508199334,0.8591662241703186,0.753893210229647,0.976995373351548,0.8942174760176591,0.8310702868364986,474.0
AR4259,censored,False,,568,568,1.0,1.0,1.0,1,1,1,0.9628413245831905,0.822419309415556,0.5773007863886895,,,,518.0
AR4261,faded,True,44.0,44,44,0.0,0.0,0.0,0,0,0,0.08002319124780854,0.031069762555190908,0.008903172617149586,0.09574746173175361,0.019654772978483483,0.005291001709496306,71.0
AR4262,faded,True,36.0,36,36,0.0,0.0,0.0,0,0,0,0.07405225716335673,0.035197855713096096,0.008655804408855492,0.09716799909977625,0.01974542579133702,0.005191746146155792,67.0
AR4263,censored,False,,21,21,,,,1,0,0,0.9192859923514767,0.40799042425714244,0.1412117800986258,,,,327.0
AR4264,censored,False,,23,23,,,,1,0,0,0.9193762443074172,0.40588347864158253,0.13913343148041452,,,,381.0
AR4265,censored,False,,30,30,,,,0,0,0,0.09213281394465431,0.0383238571029129,0.03448226330057889,,,,94.0
AR4267,censored,False,,567,567,1.0,1.0,1.0,1,1,0,0.8133977939101494,0.7100802611760246,0.436742524760306,,,,614.0
AR4268,censored,False,,162,162,,,,1,1,1,0.9809991269068844,0.9241204961450682,0.7503097875567547,,,,604.0
AR4269,censored,False,,23,23,,,,0,0,0,0.42280986845061386,0.37112136675491997,0.02225119746826707,,,,131.0
AR4270,censored,False,,559,559,1.0,1.0,1.0,1,1,1,0.9772456790744699,0.9455690625707045,0.7435237494408174,,,,614.0
AR4271,faded,True,469.0,469,469,1.0,1.0,1.0,1,1,1,0.9692397520802295,0.8705928692868256,0.638457320591229,0.7981536653280527,0.7823206918912915,0.6364152652458074,469.0
AR4272,censored,False,,581,581,1.0,1.0,1.0,1,1,0,0.6983302669641426,0.7336796706851211,0.33143733800547626,,,,611.0
AR4273,faded,True,667.0,667,667,1.0,1.0,1.0,0,0,0,0.3270408383369804,0.3783004391161992,0.33703595737732667,0.10691210381267727,0.08166060139376013,0.10101579180871048,473.0
AR4275,censored,False,,542,542,1.0,1.0,1.0,1,1,1,0.8632073983570361,0.7962717829836455,0.6812858782787258,,,,611.0
AR4276,censored,False,,556,556,1.0,1.0,1.0,1,1,1,0.9816423753894982,0.9218066879702435,0.7552263251844984,,,,614.0
AR4277,censored,False,,554,554,1.0,1.0,1.0,1,1,0,0.7113885814699349,0.7278367728359622,0.43904719778031853,,,,611.0
AR4278,censored,False,,551,551,1.0,1.0,1.0,0,0,0,0.22762057647053566,0.1423941040819018,0.0619415975669752,,,,443.0
AR4282,censored,False,,229,229,1.0,,,1,1,1,0.9566406328896248,0.7886280094497128,0.5315799200301357,,,,327.0
AR4284,censored,False,,531,531,1.0,1.0,1.0,1,1,1,0.9744920530633383,0.9271788997171684,0.7806428464901887,,,,549.0
AR4289,censored,False,,484,484,1.0,1.0,1.0,1,1,1,0.9661076538929647,0.8739628715579213,0.6507921995292097,,,,534.0
AR4292,faded,True,95.0,95,95,0.0,0.0,0.0,0,0,0,0.12988809718792954,0.1606718391600038,0.11471832042146014,0.2495751914434838,0.15504051447259362,0.1268831590449007,256.0
AR4293,faded,True,84.0,84,84,0.0,0.0,0.0,0,0,0,0.14784738743247916,0.13082077175282872,0.14062181657635028,0.2563722467450586,0.12927316913811113,0.1548217258770864,326.0
AR4304,faded,True,186.0,186,186,0.0,0.0,0.0,0,0,0,0.17551470081367812,0.14266148754652125,0.1570944961478875,0.4048709825916022,0.26301152668937694,0.24655139617899788,256.0
AR4305,faded,True,194.0,194,194,0.0,0.0,0.0,0,0,0,0.22720284922471246,0.11276971087817159,0.19946589601320266,0.5243623548589096,0.21927335318538488,0.15954144837631545,256.0
AR4306,faded,True,155.0,155,155,0.0,0.0,0.0,0,0,0,0.2527936974551009,0.15250847562606162,0.085189876283998,0.21389216581989826,0.21110302485327542,0.11833036179696843,246.0
AR4307,censored,False,,506,506,1.0,1.0,1.0,1,1,1,0.9682496366632397,0.8942641759721979,0.7754135885692708,,,,585.0
AR4309,censored,False,,543,543,1.0,1.0,1.0,1,1,1,0.9364392163543583,0.8894432195681039,0.7616927066760979,,,,681.0
AR4310,censored,False,,614,614,1.0,1.0,1.0,1,1,1,0.9695125442977324,0.876614641541543,0.7743091910646798,,,,614.0
AR4311,censored,False,,277,277,1.0,,,1,1,1,0.8928044942966042,0.6343469197296502,0.5912967983718824,,,,513.0
AR4313,faded,True,400.0,400,400,1.0,1.0,1.0,1,1,0,0.9281309695107794,0.7585493909218461,0.25314925050354675,0.9288479069923641,0.8398132734392887,0.12828666817639084,439.0
AR4315,censored,False,,500,500,1.0,1.0,1.0,1,1,1,0.9120355091742953,0.773034448387787,0.7194744389942704,,,,614.0
AR4317,faded,True,182.0,182,182,0.0,0.0,0.0,1,1,0,0.6433719787369607,0.5161900892102532,0.29093442681227577,0.6684568412034987,0.6452125095389429,0.3300134642304183,473.0
AR4318,faded,True,115.0,115,115,0.0,0.0,0.0,1,0,0,0.5755576543627596,0.4290052096290157,0.31087093428448265,0.6830488234957068,0.4977945912641641,0.218908231937451,474.0
AR4319,faded,True,103.0,103,103,0.0,0.0,0.0,1,0,0,0.5768937712537625,0.4967399794714863,0.3263026646888089,0.6291165403054726,0.6066831116043219,0.2670274292694097,501.0
AR4343,censored,False,,400,400,1.0,1.0,1.0,1,1,1,0.9720629389096302,0.9264596684866624,0.7547127267280185,,,,611.0
AR4344,censored,False,,401,401,1.0,1.0,1.0,1,1,1,0.9811370380682126,0.9200329780262738,0.7429588460395746,,,,585.0
AR4345,censored,False,,396,396,1.0,1.0,,1,1,1,0.9797821807494693,0.9243761475615728,0.7811038565335018,,,,611.0
AR4352,censored,False,,201,201,1.0,,,1,1,0,0.9271227174587893,0.5087459097364584,0.48203721417998885,,,,448.0
AR4353,censored,False,,233,233,1.0,,,1,1,0,0.9373198281012517,0.6695208445702615,0.4587516943932972,,,,469.0
AR4354,faded,True,166.0,166,166,0.0,0.0,0.0,0,0,0,0.06952964642359485,0.03268499902548077,0.011285740059058615,0.1291441666592219,0.09137851630812972,0.007558596149811657,163.0
AR4355,censored,False,,226,226,1.0,,,1,1,0,0.9678746110151564,0.7889519289445371,0.41944169752604443,,,,428.0
AR4356,faded,True,90.0,90,90,0.0,0.0,0.0,0,0,0,0.10005270077362272,0.05303514380565287,0.055776627188265,0.14673919469978686,0.09947290260988487,0.09728880713066401,77.0
AR4357,faded,True,94.0,94,94,0.0,0.0,0.0,0,0,0,0.08358114417125913,0.03347122142748167,0.007829984250914784,0.10086237783404041,0.044529033684239154,0.004270797066267992,64.0
AR4359,censored,False,,385,385,1.0,1.0,,1,1,1,0.9413054662341791,0.8476934272892108,0.7596243876826734,,,,614.0
AR4363,censored,False,,221,221,1.0,,,1,1,1,0.9766829660387675,0.9136245663435488,0.6712750518303282,,,,570.0
AR4366,censored,False,,400,400,1.0,1.0,1.0,1,0,0,0.8872700310751325,0.4717313918742284,0.3167554239212584,,,,439.0
AR4367,faded,True,333.0,333,333,1.0,1.0,0.0,1,1,1,0.9772527281311726,0.9386571454245215,0.6731383572328307,0.9544345592710046,0.8641714179510962,0.6486177144880435,484.0
AR4368,faded,True,380.0,380,380,1.0,1.0,0.0,1,1,0,0.9509563166041156,0.7262390675540024,0.4487709204585863,0.7409995400263523,0.43671253557757583,0.46014023527114856,428.0
AR4379,censored,False,,363,363,1.0,1.0,,1,1,1,0.9812858960646276,0.9140736620822355,0.7483368708212356,,,,478.0
AR4380,faded,True,615.0,615,615,1.0,1.0,1.0,1,1,1,0.9313971177811446,0.8206150346821823,0.5251144649221824,0.9194468098964748,0.5984578712150165,0.43511673630302794,615.0
AR4384,faded,True,225.0,225,225,1.0,0.0,0.0,1,1,0,0.9368844427240179,0.5615262046037016,0.46275825962481304,0.8854877777370344,0.5785351404668954,0.48793403051692635,333.0
AR4388,faded,True,29.0,29,29,0.0,0.0,0.0,0,0,0,0.266605258637784,0.20327492705215053,0.015927807688598593,0.3953544455976441,0.21482073852126107,0.009622205661958415,71.0
AR4389,censored,False,,118,118,,,,1,0,0,0.919540263739734,0.40401236411773966,0.13739918827593622,,,,431.0
AR4394,faded,True,45.0,45,45,0.0,0.0,0.0,0,0,0,0.0663550851845139,0.030302190753479463,0.009430717437378467,0.0623757711677176,0.043932019119887936,0.015502484798766999,71.0
AR4395,censored,False,,59,59,,,,1,0,0,0.6107979120649001,0.4948777446828133,0.3540254962861284,,,,178.0
AR4401,censored,False,,167,167,,,,1,1,0,0.945935680806293,0.7654135279464156,0.3525670638457687,,,,327.0
AR4402,faded,True,64.0,64,64,0.0,0.0,0.0,0,0,0,0.2543576357875342,0.2694319274284421,0.038587049221520765,0.3771022863343288,0.5412702415766857,0.05235321953934708,94.0
AR4403,censored,False,,59,59,,,,1,1,0,0.5693294222247417,0.5839465739435126,0.06686075421904694,,,,178.0
AR4410,faded,True,163.0,163,163,0.0,0.0,0.0,0,0,0,0.24534168741124898,0.11914200087354768,0.05912532934814225,0.2782385115448349,0.24178145910430004,0.06601371581641706,246.0
AR4411,faded,True,178.0,178,178,0.0,0.0,0.0,0,0,0,0.1876281552654144,0.08024645637767834,0.03200074757112575,0.1973611963136376,0.11474005561361858,0.04295534860752127,90.0
AR4412,faded,True,199.0,199,199,0.0,0.0,0.0,0,0,0,0.24091692556444075,0.11150198838369162,0.05567797356409684,0.36489500401952357,0.2358374170764008,0.030621882589648226,249.0
AR4421,censored,False,,131,131,,,,1,1,1,0.8762890879591418,0.8086215170033902,0.6908995138458891,,,,518.0
AR4423,censored,False,,25,25,,,,1,1,0,0.7085850562276719,0.7344247986583653,0.43079944539793547,,,,410.0
AR4424,censored,False,,16,16,,,,1,1,1,0.8146503938655528,0.5143128497137912,0.553792013063624,,,,421.0
AR4426,censored,False,,129,129,,,,1,0,0,0.7303952738250654,0.36128000411278993,0.37520458600059975,,,,431.0
AR4427,faded,True,46.0,46,46,0.0,0.0,0.0,0,0,0,0.09547166382330834,0.0426502070473831,0.009180855936897554,0.11006237683902917,0.08139224530240075,0.005136228541377971,71.0
AR4428,faded,True,32.0,32,32,0.0,0.0,0.0,0,0,0,0.08453481219233036,0.03652177162869941,0.011023987909198599,0.09493606691461429,0.017191027788925842,0.004921735670306602,67.0
AR4429,censored,False,,109,109,,,,0,0,0,0.45861957028503814,0.41637705205395176,0.02376111366346523,,,,77.0
AR4430,censored,False,,110,110,,,,0,0,0,0.1585242645471078,0.08594070221201308,0.018543607751539206,,,,71.0
AR4432,faded,True,6.0,6,6,0.0,0.0,0.0,0,0,0,0.09703589031748903,0.03992130874774451,0.03462107867603924,0.1522464081177699,0.07113750642247553,0.021779093504461427,90.0
AR4433,faded,True,77.0,77,77,0.0,0.0,0.0,1,1,0,0.5588151578153067,0.5520251932797842,0.05987633038631288,0.7667883157178608,0.7621529279325208,0.08468704853263477,155.0
AR4434,faded,True,54.0,54,54,0.0,0.0,0.0,1,1,0,0.681640771938512,0.5134846652761788,0.18852881710530994,0.856436373402285,0.7482494722140713,0.18990336359293258,163.0
AR4435,censored,False,,104,104,,,,1,0,0,0.919540263739734,0.40401236411773966,0.13739918827593622,,,,253.0
AR4439,faded,True,258.0,258,258,1.0,0.0,0.0,1,1,1,0.9389883772967964,0.7139575235254967,0.6443428816727851,0.9578271511736284,0.8593076405210494,0.8236496583482635,473.0
AR4440,faded,True,236.0,236,236,1.0,0.0,0.0,1,1,1,0.9432046719355137,0.7636994718268739,0.7130283824175244,0.9698687209877446,0.8634915515291993,0.850975338894581,530.0
AR4441,censored,False,,297,297,1.0,,,1,1,1,0.972218189867814,0.8509466310321113,0.6977928615234071,,,,588.0
AR4456,faded,True,48.0,48,48,0.0,0.0,0.0,0,0,0,0.2605120255645625,0.2550057487783876,0.16406477903538688,0.38037292403197115,0.53878919810483,0.19048633527370631,380.0
AR4478,censored,False,,285,285,1.0,,,1,1,1,0.9677639466470621,0.8973418654276998,0.784375594236794,,,,699.0
AR4479,faded,True,238.0,238,238,1.0,0.0,0.0,1,0,0,0.919603318820473,0.4136736893110388,0.15724784785154503,0.9032129783806452,0.608809719684956,0.0818058867126823,400.0
AR4495,censored,False,,275,275,1.0,,,1,1,1,0.9659978053594116,0.8553393330547139,0.7893905382580653,,,,523.0
AR4496,censored,False,,277,277,1.0,,,1,1,1,0.9778869103488104,0.9290220267984926,0.7610588954557248,,,,540.0
AR4501,censored,False,,80,80,,,,1,0,0,0.919540263739734,0.40401236411773966,0.13739918827593622,,,,304.0
AR4502,censored,False,,75,75,,,,1,1,1,0.8594551825411643,0.8018479801621862,0.7203189726664551,,,,288.0
AR4503,censored,False,,78,78,,,,1,0,0,0.6048647672880402,0.48060710881331836,0.3274241155804564,,,,178.0
AR4515,censored,False,,17,17,,,,1,1,1,0.9073133676899555,0.8131557692636553,0.7291335679969926,,,,482.0
AR4516,censored,False,,431,431,1.0,1.0,1.0,1,1,1,0.9018858478816459,0.7978574830774213,0.6929801951662176,,,,604.0
AR4526,censored,False,,250,250,1.0,,,1,1,1,0.9763415314819116,0.940270636017495,0.7378581034684006,,,,513.0
AR4527,censored,False,,250,250,1.0,,,1,1,1,0.9765135071856694,0.8950616020983806,0.6889254079044804,,,,484.0
AR4530,censored,False,,223,223,1.0,,,1,1,0,0.6896506816902667,0.5448967329544515,0.3633582660165802,,,,304.0
AR4531,censored,False,,231,231,1.0,,,1,1,1,0.8891869530799443,0.6215541241130661,0.5947113637808088,,,,432.0
AR4532,faded,True,256.0,256,256,1.0,0.0,0.0,1,1,1,0.8687235777125024,0.7010535859187323,0.5372047769379429,0.8145344502062467,0.8256572547586997,0.7182742035552743,443.0
AR4534,censored,False,,16,16,,,,1,1,1,0.9438011539975479,0.7866151960914488,0.7031633069249323,,,,615.0
AR4535,censored,False,,251,251,1.0,,,1,1,1,0.9724400685971896,0.8385675231508282,0.7852596775829317,,,,585.0
AR4536,censored,False,,270,270,1.0,,,1,1,1,0.9623726441306556,0.8417745702561039,0.7500616210815606,,,,621.0
AR4549,faded,True,327.0,327,327,1.0,1.0,0.0,1,1,0,0.9366576593229056,0.6372725585594036,0.46830505743869727,0.9541866841672537,0.6833941281698305,0.612261286447831,327.0
AR4555,censored,False,,243,243,1.0,,,1,1,1,0.8783872471695248,0.7970745774200698,0.6720206799963794,,,,513.0
AR4556,censored,False,,270,270,1.0,,,1,1,1,0.8788162028180891,0.8638126610093378,0.6178800682007001,,,,482.0
AR4559,censored,False,,220,220,1.0,,,1,1,1,0.9660868455192247,0.8976840254766673,0.7958594848262546,,,,459.0
AR4560,censored,False,,221,221,1.0,,,1,1,1,0.9813979685639918,0.9082506969220141,0.6835780094030844,,,,523.0
AR4563,censored,False,,216,216,1.0,,,1,1,1,0.978173438795418,0.9267946553472342,0.7134434570142554,,,,604.0
AR4564,censored,False,,218,218,1.0,,,1,1,1,0.9777267625019639,0.918049086063971,0.7232329499390485,,,,513.0
AR4565,censored,False,,241,241,1.0,,,1,1,1,0.9779122055734218,0.9306560895873942,0.7387392483672477,,,,611.0
AR4569,faded,True,329.0,329,329,1.0,1.0,0.0,0,0,0,0.4271566878602169,0.3792132306323044,0.0166403142157315,0.315502785798052,0.19736491268187278,0.03165698575760953,186.0
AR4571,censored,False,,193,193,,,,1,1,1,0.965096520621425,0.9084742426162505,0.7396696323978346,,,,513.0
AR4576,censored,False,,16,16,,,,0,0,0,0.06954727257996045,0.038851912372034864,0.00919777060167578,,,,158.0
AR4578,censored,False,,221,221,1.0,,,1,1,1,0.9206496875147393,0.8147733123442115,0.7301893604595506,,,,615.0
AR4579,censored,False,,222,222,1.0,,,1,1,1,0.8985500795528273,0.738905100119748,0.6581022301636892,,,,611.0
AR4580,censored,False,,224,224,1.0,,,1,1,1,0.9199810805743266,0.8192421690674351,0.7309365577183006,,,,615.0
AR4581,faded,True,93.0,93,93,0.0,0.0,0.0,1,1,1,0.8925938204620166,0.7406045996413055,0.7200980839090471,0.9647132144426928,0.8588632313176129,0.854472288164197,445.0
AR4582,faded,True,101.0,101,101,0.0,0.0,0.0,1,1,1,0.8393134336776108,0.7747595208486483,0.6789775213367915,0.9057558607100322,0.8390330251139587,0.7687567550654627,448.0
AR4585,censored,False,,189,189,,,,1,1,1,0.9033959038350103,0.8056268223430082,0.6851720796795744,,,,518.0
AR4586,censored,False,,220,220,1.0,,,1,1,1,0.8757914946791923,0.808695230548092,0.6921640523056364,,,,333.0
AR4587,censored,False,,216,216,1.0,,,1,1,1,0.8574400516795604,0.8040238923462345,0.6589541567657617,,,,518.0
AR4588,censored,False,,217,217,1.0,,,1,1,1,0.8595671268322275,0.8069613976507516,0.6889522640408123,,,,410.0
AR4593,faded,True,288.0,288,288,1.0,0.0,0.0,1,0,0,0.6280789059224429,0.4358799261881827,0.2072221804989788,0.6330403134277316,0.6697244958493314,0.33217754305697156,288.0
AR4594,censored,False,,168,168,,,,1,1,1,0.888738716509588,0.8752913467479919,0.7576265856408362,,,,677.0
AR4595,censored,False,,166,166,,,,1,1,1,0.9546274365145594,0.7918441696570004,0.6532489792290198,,,,677.0
AR4597,censored,False,,164,164,,,,1,0,0,0.7257257443049573,0.30262733170909617,0.21604097006387676,,,,569.0
AR4598,faded,True,14.0,14,14,0.0,0.0,0.0,0,0,0,0.09948693204088749,0.041772812015073706,0.030644264705500062,0.09780443130047345,0.07172008073084278,0.067460443468621,111.0
AR4600,censored,False,,160,160,,,,1,1,0,0.9394764715852818,0.6556924360967187,0.49460229041496145,,,,545.0
AR4601,censored,False,,160,160,,,,1,1,1,0.9677550382922971,0.7958346270500462,0.6249417796700102,,,,699.0
AR4602,censored,False,,161,161,,,,0,0,0,0.43230151543588685,0.3815799054711082,0.2576752046677778,,,,443.0
AR4615,censored,False,,244,244,1.0,,,1,1,0,0.7352490291294899,0.6396756845688405,0.40694552895289243,,,,524.0
AR4628,faded,True,9.0,9,9,0.0,0.0,0.0,0,0,0,0.09917041672620731,0.04222197820178106,0.032610551113389986,0.09748110270585097,0.07113597002623749,0.07014223628237656,67.0
AR4643,censored,False,,206,206,1.0,,,1,1,0,0.710732330569154,0.6162912943734905,0.3084492027138707,,,,469.0
AR4644,censored,False,,105,105,,,,1,1,1,0.9778846208542309,0.9383988239291822,0.709423649196606,,,,649.0
AR4664,censored,False,,101,101,,,,0,0,0,0.08611290655286763,0.0580495147036201,0.025070554323269833,,,,199.0
AR4666,censored,False,,120,120,,,,1,1,1,0.9483462664131114,0.7226212249797461,0.5800878344474346,,,,534.0
AR4696,censored,False,,47,47,,,,0,0,0,0.08429232643033709,0.03614705357649788,0.008092102578333244,,,,64.0
R1350,faded,True,1052.0,1052,1052,1.0,1.0,1.0,0,0,0,0.3113539186311913,0.3254492859529676,0.20686525845741108,0.09824907204720303,0.029438113236553442,0.028861770396188854,333.0
R1351,censored,False,,108,108,,,,0,0,0,0.17614754480953634,0.062337571518525516,0.07367595997909679,,,,393.0
R1352,censored,False,,8,8,,,,0,0,0,0.10006571518480001,0.043486306292708506,0.034445651315306504,,,,166.0
R1355,censored,False,,498,498,1.0,1.0,1.0,1,0,0,0.6602264599781081,0.16217341389072348,0.04994127278527853,,,,545.0
R1355_AMY25R1355ST1,censored,False,,498,498,1.0,1.0,1.0,1,0,0,0.6602264599781081,0.16217341389072348,0.04994127278527853,,,,545.0
